--
-- PostgreSQL database dump
--

\restrict 7qQVkGkZqZMcwToS3FSO7oeDAjB5YNhWecls2oLZMfa3btouk9kKuJEWu0QDLtK

-- Dumped from database version 15.16
-- Dumped by pg_dump version 15.16

SET statement_timeout = 0;
SET lock_timeout = 0;
SET idle_in_transaction_session_timeout = 0;
SET client_encoding = 'UTF8';
SET standard_conforming_strings = on;
SELECT pg_catalog.set_config('search_path', '', false);
SET check_function_bodies = false;
SET xmloption = content;
SET client_min_messages = warning;
SET row_security = off;

SET default_tablespace = '';

SET default_table_access_method = heap;

--
-- Name: account_emailaddress; Type: TABLE; Schema: public; Owner: sarker_prod_user
--

CREATE TABLE public.account_emailaddress (
    id integer NOT NULL,
    email character varying(254) NOT NULL,
    verified boolean NOT NULL,
    "primary" boolean NOT NULL,
    user_id integer NOT NULL
);


ALTER TABLE public.account_emailaddress OWNER TO sarker_prod_user;

--
-- Name: account_emailaddress_id_seq; Type: SEQUENCE; Schema: public; Owner: sarker_prod_user
--

ALTER TABLE public.account_emailaddress ALTER COLUMN id ADD GENERATED BY DEFAULT AS IDENTITY (
    SEQUENCE NAME public.account_emailaddress_id_seq
    START WITH 1
    INCREMENT BY 1
    NO MINVALUE
    NO MAXVALUE
    CACHE 1
);


--
-- Name: account_emailconfirmation; Type: TABLE; Schema: public; Owner: sarker_prod_user
--

CREATE TABLE public.account_emailconfirmation (
    id integer NOT NULL,
    created timestamp with time zone NOT NULL,
    sent timestamp with time zone,
    key character varying(64) NOT NULL,
    email_address_id integer NOT NULL
);


ALTER TABLE public.account_emailconfirmation OWNER TO sarker_prod_user;

--
-- Name: account_emailconfirmation_id_seq; Type: SEQUENCE; Schema: public; Owner: sarker_prod_user
--

ALTER TABLE public.account_emailconfirmation ALTER COLUMN id ADD GENERATED BY DEFAULT AS IDENTITY (
    SEQUENCE NAME public.account_emailconfirmation_id_seq
    START WITH 1
    INCREMENT BY 1
    NO MINVALUE
    NO MAXVALUE
    CACHE 1
);


--
-- Name: accounts_address; Type: TABLE; Schema: public; Owner: sarker_prod_user
--

CREATE TABLE public.accounts_address (
    id bigint NOT NULL,
    full_name character varying(100) NOT NULL,
    phone character varying(20) NOT NULL,
    address text NOT NULL,
    division_id bigint,
    district_id bigint,
    sub_district_id bigint,
    address_type character varying(10) NOT NULL,
    is_default boolean NOT NULL,
    customer_id bigint NOT NULL
);


ALTER TABLE public.accounts_address OWNER TO sarker_prod_user;

--
-- Name: accounts_address_id_seq; Type: SEQUENCE; Schema: public; Owner: sarker_prod_user
--

ALTER TABLE public.accounts_address ALTER COLUMN id ADD GENERATED BY DEFAULT AS IDENTITY (
    SEQUENCE NAME public.accounts_address_id_seq
    START WITH 1
    INCREMENT BY 1
    NO MINVALUE
    NO MAXVALUE
    CACHE 1
);


--
-- Name: accounts_customer; Type: TABLE; Schema: public; Owner: sarker_prod_user
--

CREATE TABLE public.accounts_customer (
    id bigint NOT NULL,
    name character varying(200) NOT NULL,
    email character varying(254) NOT NULL,
    phone_number character varying(20),
    customer_type character varying(20) NOT NULL,
    created_at timestamp with time zone NOT NULL,
    user_id integer NOT NULL,
    avatar character varying(100),
    social_avatar_url character varying(500),
    is_email_verified boolean NOT NULL
);


ALTER TABLE public.accounts_customer OWNER TO sarker_prod_user;

--
-- Name: accounts_customer_id_seq; Type: SEQUENCE; Schema: public; Owner: sarker_prod_user
--

ALTER TABLE public.accounts_customer ALTER COLUMN id ADD GENERATED BY DEFAULT AS IDENTITY (
    SEQUENCE NAME public.accounts_customer_id_seq
    START WITH 1
    INCREMENT BY 1
    NO MINVALUE
    NO MAXVALUE
    CACHE 1
);


--
-- Name: accounts_district; Type: TABLE; Schema: public; Owner: sarker_prod_user
--

CREATE TABLE public.accounts_district (
    id bigint NOT NULL,
    name character varying(100) NOT NULL,
    bn_name character varying(100),
    division_id bigint NOT NULL,
    lat character varying(20),
    long character varying(20)
);


ALTER TABLE public.accounts_district OWNER TO sarker_prod_user;

--
-- Name: accounts_district_id_seq; Type: SEQUENCE; Schema: public; Owner: sarker_prod_user
--

ALTER TABLE public.accounts_district ALTER COLUMN id ADD GENERATED BY DEFAULT AS IDENTITY (
    SEQUENCE NAME public.accounts_district_id_seq
    START WITH 1
    INCREMENT BY 1
    NO MINVALUE
    NO MAXVALUE
    CACHE 1
);


--
-- Name: accounts_division; Type: TABLE; Schema: public; Owner: sarker_prod_user
--

CREATE TABLE public.accounts_division (
    id bigint NOT NULL,
    name character varying(100) NOT NULL,
    bn_name character varying(100),
    lat character varying(20),
    long character varying(20)
);


ALTER TABLE public.accounts_division OWNER TO sarker_prod_user;

--
-- Name: accounts_division_id_seq; Type: SEQUENCE; Schema: public; Owner: sarker_prod_user
--

ALTER TABLE public.accounts_division ALTER COLUMN id ADD GENERATED BY DEFAULT AS IDENTITY (
    SEQUENCE NAME public.accounts_division_id_seq
    START WITH 1
    INCREMENT BY 1
    NO MINVALUE
    NO MAXVALUE
    CACHE 1
);


--
-- Name: accounts_subdistrict; Type: TABLE; Schema: public; Owner: sarker_prod_user
--

CREATE TABLE public.accounts_subdistrict (
    id bigint NOT NULL,
    name character varying(100) NOT NULL,
    bn_name character varying(100),
    district_id bigint NOT NULL
);


ALTER TABLE public.accounts_subdistrict OWNER TO sarker_prod_user;

--
-- Name: accounts_subdistrict_id_seq; Type: SEQUENCE; Schema: public; Owner: sarker_prod_user
--

ALTER TABLE public.accounts_subdistrict ALTER COLUMN id ADD GENERATED BY DEFAULT AS IDENTITY (
    SEQUENCE NAME public.accounts_subdistrict_id_seq
    START WITH 1
    INCREMENT BY 1
    NO MINVALUE
    NO MAXVALUE
    CACHE 1
);


--
-- Name: auth_group; Type: TABLE; Schema: public; Owner: sarker_prod_user
--

CREATE TABLE public.auth_group (
    id integer NOT NULL,
    name character varying(150) NOT NULL
);


ALTER TABLE public.auth_group OWNER TO sarker_prod_user;

--
-- Name: auth_group_id_seq; Type: SEQUENCE; Schema: public; Owner: sarker_prod_user
--

ALTER TABLE public.auth_group ALTER COLUMN id ADD GENERATED BY DEFAULT AS IDENTITY (
    SEQUENCE NAME public.auth_group_id_seq
    START WITH 1
    INCREMENT BY 1
    NO MINVALUE
    NO MAXVALUE
    CACHE 1
);


--
-- Name: auth_group_permissions; Type: TABLE; Schema: public; Owner: sarker_prod_user
--

CREATE TABLE public.auth_group_permissions (
    id bigint NOT NULL,
    group_id integer NOT NULL,
    permission_id integer NOT NULL
);


ALTER TABLE public.auth_group_permissions OWNER TO sarker_prod_user;

--
-- Name: auth_group_permissions_id_seq; Type: SEQUENCE; Schema: public; Owner: sarker_prod_user
--

ALTER TABLE public.auth_group_permissions ALTER COLUMN id ADD GENERATED BY DEFAULT AS IDENTITY (
    SEQUENCE NAME public.auth_group_permissions_id_seq
    START WITH 1
    INCREMENT BY 1
    NO MINVALUE
    NO MAXVALUE
    CACHE 1
);


--
-- Name: auth_permission; Type: TABLE; Schema: public; Owner: sarker_prod_user
--

CREATE TABLE public.auth_permission (
    id integer NOT NULL,
    name character varying(255) NOT NULL,
    content_type_id integer NOT NULL,
    codename character varying(100) NOT NULL
);


ALTER TABLE public.auth_permission OWNER TO sarker_prod_user;

--
-- Name: auth_permission_id_seq; Type: SEQUENCE; Schema: public; Owner: sarker_prod_user
--

ALTER TABLE public.auth_permission ALTER COLUMN id ADD GENERATED BY DEFAULT AS IDENTITY (
    SEQUENCE NAME public.auth_permission_id_seq
    START WITH 1
    INCREMENT BY 1
    NO MINVALUE
    NO MAXVALUE
    CACHE 1
);


--
-- Name: auth_user; Type: TABLE; Schema: public; Owner: sarker_prod_user
--

CREATE TABLE public.auth_user (
    id integer NOT NULL,
    password character varying(128) NOT NULL,
    last_login timestamp with time zone,
    is_superuser boolean NOT NULL,
    username character varying(150) NOT NULL,
    first_name character varying(150) NOT NULL,
    last_name character varying(150) NOT NULL,
    email character varying(254) NOT NULL,
    is_staff boolean NOT NULL,
    is_active boolean NOT NULL,
    date_joined timestamp with time zone NOT NULL
);


ALTER TABLE public.auth_user OWNER TO sarker_prod_user;

--
-- Name: auth_user_groups; Type: TABLE; Schema: public; Owner: sarker_prod_user
--

CREATE TABLE public.auth_user_groups (
    id bigint NOT NULL,
    user_id integer NOT NULL,
    group_id integer NOT NULL
);


ALTER TABLE public.auth_user_groups OWNER TO sarker_prod_user;

--
-- Name: auth_user_groups_id_seq; Type: SEQUENCE; Schema: public; Owner: sarker_prod_user
--

ALTER TABLE public.auth_user_groups ALTER COLUMN id ADD GENERATED BY DEFAULT AS IDENTITY (
    SEQUENCE NAME public.auth_user_groups_id_seq
    START WITH 1
    INCREMENT BY 1
    NO MINVALUE
    NO MAXVALUE
    CACHE 1
);


--
-- Name: auth_user_id_seq; Type: SEQUENCE; Schema: public; Owner: sarker_prod_user
--

ALTER TABLE public.auth_user ALTER COLUMN id ADD GENERATED BY DEFAULT AS IDENTITY (
    SEQUENCE NAME public.auth_user_id_seq
    START WITH 1
    INCREMENT BY 1
    NO MINVALUE
    NO MAXVALUE
    CACHE 1
);


--
-- Name: auth_user_user_permissions; Type: TABLE; Schema: public; Owner: sarker_prod_user
--

CREATE TABLE public.auth_user_user_permissions (
    id bigint NOT NULL,
    user_id integer NOT NULL,
    permission_id integer NOT NULL
);


ALTER TABLE public.auth_user_user_permissions OWNER TO sarker_prod_user;

--
-- Name: auth_user_user_permissions_id_seq; Type: SEQUENCE; Schema: public; Owner: sarker_prod_user
--

ALTER TABLE public.auth_user_user_permissions ALTER COLUMN id ADD GENERATED BY DEFAULT AS IDENTITY (
    SEQUENCE NAME public.auth_user_user_permissions_id_seq
    START WITH 1
    INCREMENT BY 1
    NO MINVALUE
    NO MAXVALUE
    CACHE 1
);


--
-- Name: authtoken_token; Type: TABLE; Schema: public; Owner: sarker_prod_user
--

CREATE TABLE public.authtoken_token (
    key character varying(40) NOT NULL,
    created timestamp with time zone NOT NULL,
    user_id integer NOT NULL
);


ALTER TABLE public.authtoken_token OWNER TO sarker_prod_user;

--
-- Name: django_admin_log; Type: TABLE; Schema: public; Owner: sarker_prod_user
--

CREATE TABLE public.django_admin_log (
    id integer NOT NULL,
    action_time timestamp with time zone NOT NULL,
    object_id text,
    object_repr character varying(200) NOT NULL,
    action_flag smallint NOT NULL,
    change_message text NOT NULL,
    content_type_id integer,
    user_id integer NOT NULL,
    CONSTRAINT django_admin_log_action_flag_check CHECK ((action_flag >= 0))
);


ALTER TABLE public.django_admin_log OWNER TO sarker_prod_user;

--
-- Name: django_admin_log_id_seq; Type: SEQUENCE; Schema: public; Owner: sarker_prod_user
--

ALTER TABLE public.django_admin_log ALTER COLUMN id ADD GENERATED BY DEFAULT AS IDENTITY (
    SEQUENCE NAME public.django_admin_log_id_seq
    START WITH 1
    INCREMENT BY 1
    NO MINVALUE
    NO MAXVALUE
    CACHE 1
);


--
-- Name: django_celery_results_chordcounter; Type: TABLE; Schema: public; Owner: sarker_prod_user
--

CREATE TABLE public.django_celery_results_chordcounter (
    id integer NOT NULL,
    group_id character varying(255) NOT NULL,
    sub_tasks text NOT NULL,
    count integer NOT NULL,
    CONSTRAINT django_celery_results_chordcounter_count_check CHECK ((count >= 0))
);


ALTER TABLE public.django_celery_results_chordcounter OWNER TO sarker_prod_user;

--
-- Name: django_celery_results_chordcounter_id_seq; Type: SEQUENCE; Schema: public; Owner: sarker_prod_user
--

ALTER TABLE public.django_celery_results_chordcounter ALTER COLUMN id ADD GENERATED BY DEFAULT AS IDENTITY (
    SEQUENCE NAME public.django_celery_results_chordcounter_id_seq
    START WITH 1
    INCREMENT BY 1
    NO MINVALUE
    NO MAXVALUE
    CACHE 1
);


--
-- Name: django_celery_results_groupresult; Type: TABLE; Schema: public; Owner: sarker_prod_user
--

CREATE TABLE public.django_celery_results_groupresult (
    id integer NOT NULL,
    group_id character varying(255) NOT NULL,
    date_created timestamp with time zone NOT NULL,
    date_done timestamp with time zone NOT NULL,
    content_type character varying(128) NOT NULL,
    content_encoding character varying(64) NOT NULL,
    result text
);


ALTER TABLE public.django_celery_results_groupresult OWNER TO sarker_prod_user;

--
-- Name: django_celery_results_groupresult_id_seq; Type: SEQUENCE; Schema: public; Owner: sarker_prod_user
--

ALTER TABLE public.django_celery_results_groupresult ALTER COLUMN id ADD GENERATED BY DEFAULT AS IDENTITY (
    SEQUENCE NAME public.django_celery_results_groupresult_id_seq
    START WITH 1
    INCREMENT BY 1
    NO MINVALUE
    NO MAXVALUE
    CACHE 1
);


--
-- Name: django_celery_results_taskresult; Type: TABLE; Schema: public; Owner: sarker_prod_user
--

CREATE TABLE public.django_celery_results_taskresult (
    id integer NOT NULL,
    task_id character varying(255) NOT NULL,
    status character varying(50) NOT NULL,
    content_type character varying(128) NOT NULL,
    content_encoding character varying(64) NOT NULL,
    result text,
    date_done timestamp with time zone NOT NULL,
    traceback text,
    meta text,
    task_args text,
    task_kwargs text,
    task_name character varying(255),
    worker character varying(100),
    date_created timestamp with time zone NOT NULL,
    periodic_task_name character varying(255),
    date_started timestamp with time zone
);


ALTER TABLE public.django_celery_results_taskresult OWNER TO sarker_prod_user;

--
-- Name: django_celery_results_taskresult_id_seq; Type: SEQUENCE; Schema: public; Owner: sarker_prod_user
--

ALTER TABLE public.django_celery_results_taskresult ALTER COLUMN id ADD GENERATED BY DEFAULT AS IDENTITY (
    SEQUENCE NAME public.django_celery_results_taskresult_id_seq
    START WITH 1
    INCREMENT BY 1
    NO MINVALUE
    NO MAXVALUE
    CACHE 1
);


--
-- Name: django_content_type; Type: TABLE; Schema: public; Owner: sarker_prod_user
--

CREATE TABLE public.django_content_type (
    id integer NOT NULL,
    app_label character varying(100) NOT NULL,
    model character varying(100) NOT NULL
);


ALTER TABLE public.django_content_type OWNER TO sarker_prod_user;

--
-- Name: django_content_type_id_seq; Type: SEQUENCE; Schema: public; Owner: sarker_prod_user
--

ALTER TABLE public.django_content_type ALTER COLUMN id ADD GENERATED BY DEFAULT AS IDENTITY (
    SEQUENCE NAME public.django_content_type_id_seq
    START WITH 1
    INCREMENT BY 1
    NO MINVALUE
    NO MAXVALUE
    CACHE 1
);


--
-- Name: django_migrations; Type: TABLE; Schema: public; Owner: sarker_prod_user
--

CREATE TABLE public.django_migrations (
    id bigint NOT NULL,
    app character varying(255) NOT NULL,
    name character varying(255) NOT NULL,
    applied timestamp with time zone NOT NULL
);


ALTER TABLE public.django_migrations OWNER TO sarker_prod_user;

--
-- Name: django_migrations_id_seq; Type: SEQUENCE; Schema: public; Owner: sarker_prod_user
--

ALTER TABLE public.django_migrations ALTER COLUMN id ADD GENERATED BY DEFAULT AS IDENTITY (
    SEQUENCE NAME public.django_migrations_id_seq
    START WITH 1
    INCREMENT BY 1
    NO MINVALUE
    NO MAXVALUE
    CACHE 1
);


--
-- Name: django_session; Type: TABLE; Schema: public; Owner: sarker_prod_user
--

CREATE TABLE public.django_session (
    session_key character varying(40) NOT NULL,
    session_data text NOT NULL,
    expire_date timestamp with time zone NOT NULL
);


ALTER TABLE public.django_session OWNER TO sarker_prod_user;

--
-- Name: django_site; Type: TABLE; Schema: public; Owner: sarker_prod_user
--

CREATE TABLE public.django_site (
    id integer NOT NULL,
    domain character varying(100) NOT NULL,
    name character varying(50) NOT NULL
);


ALTER TABLE public.django_site OWNER TO sarker_prod_user;

--
-- Name: django_site_id_seq; Type: SEQUENCE; Schema: public; Owner: sarker_prod_user
--

ALTER TABLE public.django_site ALTER COLUMN id ADD GENERATED BY DEFAULT AS IDENTITY (
    SEQUENCE NAME public.django_site_id_seq
    START WITH 1
    INCREMENT BY 1
    NO MINVALUE
    NO MAXVALUE
    CACHE 1
);


--
-- Name: orders_cart; Type: TABLE; Schema: public; Owner: sarker_prod_user
--

CREATE TABLE public.orders_cart (
    id bigint NOT NULL,
    session_key character varying(40),
    created_at timestamp with time zone NOT NULL,
    updated_at timestamp with time zone NOT NULL,
    user_id integer
);


ALTER TABLE public.orders_cart OWNER TO sarker_prod_user;

--
-- Name: orders_cart_id_seq; Type: SEQUENCE; Schema: public; Owner: sarker_prod_user
--

ALTER TABLE public.orders_cart ALTER COLUMN id ADD GENERATED BY DEFAULT AS IDENTITY (
    SEQUENCE NAME public.orders_cart_id_seq
    START WITH 1
    INCREMENT BY 1
    NO MINVALUE
    NO MAXVALUE
    CACHE 1
);


--
-- Name: orders_cartitem; Type: TABLE; Schema: public; Owner: sarker_prod_user
--

CREATE TABLE public.orders_cartitem (
    id bigint NOT NULL,
    quantity integer NOT NULL,
    cart_id bigint NOT NULL,
    product_id bigint NOT NULL,
    variant_id bigint,
    CONSTRAINT orders_cartitem_quantity_check CHECK ((quantity >= 0))
);


ALTER TABLE public.orders_cartitem OWNER TO sarker_prod_user;

--
-- Name: orders_cartitem_id_seq; Type: SEQUENCE; Schema: public; Owner: sarker_prod_user
--

ALTER TABLE public.orders_cartitem ALTER COLUMN id ADD GENERATED BY DEFAULT AS IDENTITY (
    SEQUENCE NAME public.orders_cartitem_id_seq
    START WITH 1
    INCREMENT BY 1
    NO MINVALUE
    NO MAXVALUE
    CACHE 1
);


--
-- Name: orders_checkout; Type: TABLE; Schema: public; Owner: sarker_prod_user
--

CREATE TABLE public.orders_checkout (
    id bigint NOT NULL,
    email character varying(254),
    created_at timestamp with time zone NOT NULL,
    billing_address_id bigint,
    cart_id bigint NOT NULL,
    shipping_address_id bigint
);


ALTER TABLE public.orders_checkout OWNER TO sarker_prod_user;

--
-- Name: orders_checkout_id_seq; Type: SEQUENCE; Schema: public; Owner: sarker_prod_user
--

ALTER TABLE public.orders_checkout ALTER COLUMN id ADD GENERATED BY DEFAULT AS IDENTITY (
    SEQUENCE NAME public.orders_checkout_id_seq
    START WITH 1
    INCREMENT BY 1
    NO MINVALUE
    NO MAXVALUE
    CACHE 1
);


--
-- Name: orders_order; Type: TABLE; Schema: public; Owner: sarker_prod_user
--

CREATE TABLE public.orders_order (
    id bigint NOT NULL,
    total_amount numeric(12,2) NOT NULL,
    created_at timestamp with time zone NOT NULL,
    updated_at timestamp with time zone NOT NULL,
    address_id bigint,
    customer_id bigint,
    order_status_id bigint,
    payment_info_id bigint,
    district character varying(100),
    division character varying(100),
    email character varying(254),
    full_name character varying(200),
    phone character varying(20),
    shipping_address text,
    sub_district character varying(100),
    address_type character varying(20)
);


ALTER TABLE public.orders_order OWNER TO sarker_prod_user;

--
-- Name: orders_order_id_seq; Type: SEQUENCE; Schema: public; Owner: sarker_prod_user
--

ALTER TABLE public.orders_order ALTER COLUMN id ADD GENERATED BY DEFAULT AS IDENTITY (
    SEQUENCE NAME public.orders_order_id_seq
    START WITH 1
    INCREMENT BY 1
    NO MINVALUE
    NO MAXVALUE
    CACHE 1
);


--
-- Name: orders_orderitem; Type: TABLE; Schema: public; Owner: sarker_prod_user
--

CREATE TABLE public.orders_orderitem (
    id bigint NOT NULL,
    quantity integer NOT NULL,
    price numeric(12,2) NOT NULL,
    order_id bigint NOT NULL,
    product_id bigint NOT NULL,
    variant_id bigint,
    CONSTRAINT orders_orderitem_quantity_check CHECK ((quantity >= 0))
);


ALTER TABLE public.orders_orderitem OWNER TO sarker_prod_user;

--
-- Name: orders_orderitem_id_seq; Type: SEQUENCE; Schema: public; Owner: sarker_prod_user
--

ALTER TABLE public.orders_orderitem ALTER COLUMN id ADD GENERATED BY DEFAULT AS IDENTITY (
    SEQUENCE NAME public.orders_orderitem_id_seq
    START WITH 1
    INCREMENT BY 1
    NO MINVALUE
    NO MAXVALUE
    CACHE 1
);


--
-- Name: orders_orderstatus; Type: TABLE; Schema: public; Owner: sarker_prod_user
--

CREATE TABLE public.orders_orderstatus (
    id bigint NOT NULL,
    status_code character varying(20) NOT NULL,
    display_name character varying(50) NOT NULL,
    description text
);


ALTER TABLE public.orders_orderstatus OWNER TO sarker_prod_user;

--
-- Name: orders_orderstatus_id_seq; Type: SEQUENCE; Schema: public; Owner: sarker_prod_user
--

ALTER TABLE public.orders_orderstatus ALTER COLUMN id ADD GENERATED BY DEFAULT AS IDENTITY (
    SEQUENCE NAME public.orders_orderstatus_id_seq
    START WITH 1
    INCREMENT BY 1
    NO MINVALUE
    NO MAXVALUE
    CACHE 1
);


--
-- Name: orders_paymentinfo; Type: TABLE; Schema: public; Owner: sarker_prod_user
--

CREATE TABLE public.orders_paymentinfo (
    id bigint NOT NULL,
    transaction_id character varying(100),
    is_paid boolean NOT NULL,
    payment_method character varying(50) NOT NULL,
    payment_date timestamp with time zone,
    created_at timestamp with time zone NOT NULL,
    paid_from character varying,
    amount numeric(12,2) NOT NULL
);


ALTER TABLE public.orders_paymentinfo OWNER TO sarker_prod_user;

--
-- Name: orders_paymentinfo_id_seq; Type: SEQUENCE; Schema: public; Owner: sarker_prod_user
--

ALTER TABLE public.orders_paymentinfo ALTER COLUMN id ADD GENERATED BY DEFAULT AS IDENTITY (
    SEQUENCE NAME public.orders_paymentinfo_id_seq
    START WITH 1
    INCREMENT BY 1
    NO MINVALUE
    NO MAXVALUE
    CACHE 1
);


--
-- Name: products_brand; Type: TABLE; Schema: public; Owner: sarker_prod_user
--

CREATE TABLE public.products_brand (
    id bigint NOT NULL,
    name character varying(50) NOT NULL,
    slug character varying(50) NOT NULL,
    logo character varying(100)
);


ALTER TABLE public.products_brand OWNER TO sarker_prod_user;

--
-- Name: products_brand_id_seq; Type: SEQUENCE; Schema: public; Owner: sarker_prod_user
--

ALTER TABLE public.products_brand ALTER COLUMN id ADD GENERATED BY DEFAULT AS IDENTITY (
    SEQUENCE NAME public.products_brand_id_seq
    START WITH 1
    INCREMENT BY 1
    NO MINVALUE
    NO MAXVALUE
    CACHE 1
);


--
-- Name: products_category; Type: TABLE; Schema: public; Owner: sarker_prod_user
--

CREATE TABLE public.products_category (
    id bigint NOT NULL,
    name character varying(100) NOT NULL,
    slug character varying(50) NOT NULL,
    logo character varying(100),
    parent_id bigint
);


ALTER TABLE public.products_category OWNER TO sarker_prod_user;

--
-- Name: products_category_id_seq; Type: SEQUENCE; Schema: public; Owner: sarker_prod_user
--

ALTER TABLE public.products_category ALTER COLUMN id ADD GENERATED BY DEFAULT AS IDENTITY (
    SEQUENCE NAME public.products_category_id_seq
    START WITH 1
    INCREMENT BY 1
    NO MINVALUE
    NO MAXVALUE
    CACHE 1
);


--
-- Name: products_product; Type: TABLE; Schema: public; Owner: sarker_prod_user
--

CREATE TABLE public.products_product (
    id bigint NOT NULL,
    name character varying(200) NOT NULL,
    slug character varying(50) NOT NULL,
    product_id character varying(20) NOT NULL,
    sku character varying(50) NOT NULL,
    is_active boolean NOT NULL,
    is_featured boolean NOT NULL,
    is_bestseller boolean NOT NULL,
    image character varying(100),
    short_description text NOT NULL,
    description text NOT NULL,
    rating double precision NOT NULL,
    reviews_count integer NOT NULL,
    created_at timestamp with time zone NOT NULL,
    updated_at timestamp with time zone NOT NULL,
    brand_id bigint NOT NULL,
    category_id bigint NOT NULL,
    product_type character varying(10) NOT NULL,
    price numeric(10,2),
    questions_count integer NOT NULL,
    discount_price numeric(10,2),
    stock_quantity integer NOT NULL,
    wholesale_price numeric(10,2),
    CONSTRAINT products_product_questions_count_check CHECK ((questions_count >= 0)),
    CONSTRAINT products_product_reviews_count_check CHECK ((reviews_count >= 0)),
    CONSTRAINT products_product_stock_quantity_check CHECK ((stock_quantity >= 0))
);


ALTER TABLE public.products_product OWNER TO sarker_prod_user;

--
-- Name: products_product_id_seq; Type: SEQUENCE; Schema: public; Owner: sarker_prod_user
--

ALTER TABLE public.products_product ALTER COLUMN id ADD GENERATED BY DEFAULT AS IDENTITY (
    SEQUENCE NAME public.products_product_id_seq
    START WITH 1
    INCREMENT BY 1
    NO MINVALUE
    NO MAXVALUE
    CACHE 1
);


--
-- Name: products_product_related_products; Type: TABLE; Schema: public; Owner: sarker_prod_user
--

CREATE TABLE public.products_product_related_products (
    id bigint NOT NULL,
    from_product_id bigint NOT NULL,
    to_product_id bigint NOT NULL
);


ALTER TABLE public.products_product_related_products OWNER TO sarker_prod_user;

--
-- Name: products_product_related_products_id_seq; Type: SEQUENCE; Schema: public; Owner: sarker_prod_user
--

ALTER TABLE public.products_product_related_products ALTER COLUMN id ADD GENERATED BY DEFAULT AS IDENTITY (
    SEQUENCE NAME public.products_product_related_products_id_seq
    START WITH 1
    INCREMENT BY 1
    NO MINVALUE
    NO MAXVALUE
    CACHE 1
);


--
-- Name: products_productimage; Type: TABLE; Schema: public; Owner: sarker_prod_user
--

CREATE TABLE public.products_productimage (
    id bigint NOT NULL,
    image character varying(100) NOT NULL,
    product_id bigint NOT NULL,
    alt_text character varying(150) NOT NULL,
    is_primary boolean NOT NULL,
    "order" integer NOT NULL,
    CONSTRAINT products_productimage_order_check CHECK (("order" >= 0))
);


ALTER TABLE public.products_productimage OWNER TO sarker_prod_user;

--
-- Name: products_productimage_id_seq; Type: SEQUENCE; Schema: public; Owner: sarker_prod_user
--

ALTER TABLE public.products_productimage ALTER COLUMN id ADD GENERATED BY DEFAULT AS IDENTITY (
    SEQUENCE NAME public.products_productimage_id_seq
    START WITH 1
    INCREMENT BY 1
    NO MINVALUE
    NO MAXVALUE
    CACHE 1
);


--
-- Name: products_productspecification; Type: TABLE; Schema: public; Owner: sarker_prod_user
--

CREATE TABLE public.products_productspecification (
    id bigint NOT NULL,
    key character varying(50) NOT NULL,
    value character varying(100) NOT NULL,
    product_id bigint NOT NULL
);


ALTER TABLE public.products_productspecification OWNER TO sarker_prod_user;

--
-- Name: products_productspecification_id_seq; Type: SEQUENCE; Schema: public; Owner: sarker_prod_user
--

ALTER TABLE public.products_productspecification ALTER COLUMN id ADD GENERATED BY DEFAULT AS IDENTITY (
    SEQUENCE NAME public.products_productspecification_id_seq
    START WITH 1
    INCREMENT BY 1
    NO MINVALUE
    NO MAXVALUE
    CACHE 1
);


--
-- Name: products_productvariant; Type: TABLE; Schema: public; Owner: sarker_prod_user
--

CREATE TABLE public.products_productvariant (
    id bigint NOT NULL,
    sku character varying(80) NOT NULL,
    price numeric(10,2) NOT NULL,
    stock_quantity integer NOT NULL,
    product_id bigint NOT NULL,
    color character varying(50) NOT NULL,
    discount_price numeric(10,2),
    is_active boolean NOT NULL,
    ram integer,
    storage integer,
    wholesale_price numeric(10,2),
    CONSTRAINT products_productvariant_ram_check CHECK ((ram >= 0)),
    CONSTRAINT products_productvariant_stock_quantity_check CHECK ((stock_quantity >= 0)),
    CONSTRAINT products_productvariant_storage_check CHECK ((storage >= 0))
);


ALTER TABLE public.products_productvariant OWNER TO sarker_prod_user;

--
-- Name: products_productvariant_id_seq; Type: SEQUENCE; Schema: public; Owner: sarker_prod_user
--

ALTER TABLE public.products_productvariant ALTER COLUMN id ADD GENERATED BY DEFAULT AS IDENTITY (
    SEQUENCE NAME public.products_productvariant_id_seq
    START WITH 1
    INCREMENT BY 1
    NO MINVALUE
    NO MAXVALUE
    CACHE 1
);


--
-- Name: reviews_question; Type: TABLE; Schema: public; Owner: sarker_prod_user
--

CREATE TABLE public.reviews_question (
    id bigint NOT NULL,
    question text NOT NULL,
    answer text,
    created_at timestamp with time zone NOT NULL,
    updated_at timestamp with time zone NOT NULL,
    customer_id bigint NOT NULL,
    product_id bigint NOT NULL
);


ALTER TABLE public.reviews_question OWNER TO sarker_prod_user;

--
-- Name: reviews_question_id_seq; Type: SEQUENCE; Schema: public; Owner: sarker_prod_user
--

ALTER TABLE public.reviews_question ALTER COLUMN id ADD GENERATED BY DEFAULT AS IDENTITY (
    SEQUENCE NAME public.reviews_question_id_seq
    START WITH 1
    INCREMENT BY 1
    NO MINVALUE
    NO MAXVALUE
    CACHE 1
);


--
-- Name: reviews_review; Type: TABLE; Schema: public; Owner: sarker_prod_user
--

CREATE TABLE public.reviews_review (
    id bigint NOT NULL,
    rating integer NOT NULL,
    comment text,
    created_at timestamp with time zone NOT NULL,
    customer_id bigint NOT NULL,
    product_id bigint NOT NULL,
    CONSTRAINT reviews_review_rating_check CHECK ((rating >= 0))
);


ALTER TABLE public.reviews_review OWNER TO sarker_prod_user;

--
-- Name: reviews_review_id_seq; Type: SEQUENCE; Schema: public; Owner: sarker_prod_user
--

ALTER TABLE public.reviews_review ALTER COLUMN id ADD GENERATED BY DEFAULT AS IDENTITY (
    SEQUENCE NAME public.reviews_review_id_seq
    START WITH 1
    INCREMENT BY 1
    NO MINVALUE
    NO MAXVALUE
    CACHE 1
);


--
-- Name: socialaccount_socialaccount; Type: TABLE; Schema: public; Owner: sarker_prod_user
--

CREATE TABLE public.socialaccount_socialaccount (
    id integer NOT NULL,
    provider character varying(200) NOT NULL,
    uid character varying(191) NOT NULL,
    last_login timestamp with time zone NOT NULL,
    date_joined timestamp with time zone NOT NULL,
    extra_data jsonb NOT NULL,
    user_id integer NOT NULL
);


ALTER TABLE public.socialaccount_socialaccount OWNER TO sarker_prod_user;

--
-- Name: socialaccount_socialaccount_id_seq; Type: SEQUENCE; Schema: public; Owner: sarker_prod_user
--

ALTER TABLE public.socialaccount_socialaccount ALTER COLUMN id ADD GENERATED BY DEFAULT AS IDENTITY (
    SEQUENCE NAME public.socialaccount_socialaccount_id_seq
    START WITH 1
    INCREMENT BY 1
    NO MINVALUE
    NO MAXVALUE
    CACHE 1
);


--
-- Name: socialaccount_socialapp; Type: TABLE; Schema: public; Owner: sarker_prod_user
--

CREATE TABLE public.socialaccount_socialapp (
    id integer NOT NULL,
    provider character varying(30) NOT NULL,
    name character varying(40) NOT NULL,
    client_id character varying(191) NOT NULL,
    secret character varying(191) NOT NULL,
    key character varying(191) NOT NULL,
    provider_id character varying(200) NOT NULL,
    settings jsonb NOT NULL
);


ALTER TABLE public.socialaccount_socialapp OWNER TO sarker_prod_user;

--
-- Name: socialaccount_socialapp_id_seq; Type: SEQUENCE; Schema: public; Owner: sarker_prod_user
--

ALTER TABLE public.socialaccount_socialapp ALTER COLUMN id ADD GENERATED BY DEFAULT AS IDENTITY (
    SEQUENCE NAME public.socialaccount_socialapp_id_seq
    START WITH 1
    INCREMENT BY 1
    NO MINVALUE
    NO MAXVALUE
    CACHE 1
);


--
-- Name: socialaccount_socialapp_sites; Type: TABLE; Schema: public; Owner: sarker_prod_user
--

CREATE TABLE public.socialaccount_socialapp_sites (
    id bigint NOT NULL,
    socialapp_id integer NOT NULL,
    site_id integer NOT NULL
);


ALTER TABLE public.socialaccount_socialapp_sites OWNER TO sarker_prod_user;

--
-- Name: socialaccount_socialapp_sites_id_seq; Type: SEQUENCE; Schema: public; Owner: sarker_prod_user
--

ALTER TABLE public.socialaccount_socialapp_sites ALTER COLUMN id ADD GENERATED BY DEFAULT AS IDENTITY (
    SEQUENCE NAME public.socialaccount_socialapp_sites_id_seq
    START WITH 1
    INCREMENT BY 1
    NO MINVALUE
    NO MAXVALUE
    CACHE 1
);


--
-- Name: socialaccount_socialtoken; Type: TABLE; Schema: public; Owner: sarker_prod_user
--

CREATE TABLE public.socialaccount_socialtoken (
    id integer NOT NULL,
    token text NOT NULL,
    token_secret text NOT NULL,
    expires_at timestamp with time zone,
    account_id integer NOT NULL,
    app_id integer
);


ALTER TABLE public.socialaccount_socialtoken OWNER TO sarker_prod_user;

--
-- Name: socialaccount_socialtoken_id_seq; Type: SEQUENCE; Schema: public; Owner: sarker_prod_user
--

ALTER TABLE public.socialaccount_socialtoken ALTER COLUMN id ADD GENERATED BY DEFAULT AS IDENTITY (
    SEQUENCE NAME public.socialaccount_socialtoken_id_seq
    START WITH 1
    INCREMENT BY 1
    NO MINVALUE
    NO MAXVALUE
    CACHE 1
);


--
-- Name: web_contactmessage; Type: TABLE; Schema: public; Owner: sarker_prod_user
--

CREATE TABLE public.web_contactmessage (
    id bigint NOT NULL,
    name character varying(255) NOT NULL,
    email character varying(254) NOT NULL,
    subject character varying(255),
    message text NOT NULL,
    created_at timestamp with time zone NOT NULL
);


ALTER TABLE public.web_contactmessage OWNER TO sarker_prod_user;

--
-- Name: web_contactmessage_id_seq; Type: SEQUENCE; Schema: public; Owner: sarker_prod_user
--

ALTER TABLE public.web_contactmessage ALTER COLUMN id ADD GENERATED BY DEFAULT AS IDENTITY (
    SEQUENCE NAME public.web_contactmessage_id_seq
    START WITH 1
    INCREMENT BY 1
    NO MINVALUE
    NO MAXVALUE
    CACHE 1
);


--
-- Name: web_newslettersubscription; Type: TABLE; Schema: public; Owner: sarker_prod_user
--

CREATE TABLE public.web_newslettersubscription (
    id bigint NOT NULL,
    email character varying(254) NOT NULL,
    subscribed_at timestamp with time zone NOT NULL,
    is_active boolean NOT NULL
);


ALTER TABLE public.web_newslettersubscription OWNER TO sarker_prod_user;

--
-- Name: web_newslettersubscription_id_seq; Type: SEQUENCE; Schema: public; Owner: sarker_prod_user
--

ALTER TABLE public.web_newslettersubscription ALTER COLUMN id ADD GENERATED BY DEFAULT AS IDENTITY (
    SEQUENCE NAME public.web_newslettersubscription_id_seq
    START WITH 1
    INCREMENT BY 1
    NO MINVALUE
    NO MAXVALUE
    CACHE 1
);


--
-- Data for Name: account_emailaddress; Type: TABLE DATA; Schema: public; Owner: sarker_prod_user
--

COPY public.account_emailaddress (id, email, verified, "primary", user_id) FROM stdin;
1	samircd4@gmail.com	t	t	2
2	tamppic@gmail.com	t	t	3
3	imjesual@gmail.com	t	t	4
4	nileshsrk94@gmail.com	t	t	8
\.


--
-- Data for Name: account_emailconfirmation; Type: TABLE DATA; Schema: public; Owner: sarker_prod_user
--

COPY public.account_emailconfirmation (id, created, sent, key, email_address_id) FROM stdin;
\.


--
-- Data for Name: accounts_address; Type: TABLE DATA; Schema: public; Owner: sarker_prod_user
--

COPY public.accounts_address (id, full_name, phone, address, division_id, district_id, sub_district_id, address_type, is_default, customer_id) FROM stdin;
1	Somir Chandra Dash	01781355377	#914 Abul Hossain, Poshu Haspatal road, Botrish, kishoreganj.	6	45	354	Home	t	2
2	Im Jesual	123	sdf	7	53	402	Home	f	4
3	Dr. Python	01781355377	Baksai, Dhanpur, Itna	6	45	345	Home	f	3
\.


--
-- Data for Name: accounts_customer; Type: TABLE DATA; Schema: public; Owner: sarker_prod_user
--

COPY public.accounts_customer (id, name, email, phone_number, customer_type, created_at, user_id, avatar, social_avatar_url, is_email_verified) FROM stdin;
2	Somir Chandra Dash	samircd4@gmail.com	\N	retail	2026-02-21 20:32:28.588764+00	2		https://lh3.googleusercontent.com/a/ACg8ocKa34rlSGzLPAgREyGs218qvUO4nB3uJlWtUriR3fG5AFiulSDg=s96-c	t
10	Nilesh Sarker	nileshsrk94@gmail.com	01708601002	retail	2026-02-22 10:18:18.984287+00	8		\N	t
4	Im Jesual	imjesual@gmail.com	\N	retail	2026-02-21 20:52:10.985041+00	4		https://lh3.googleusercontent.com/a/ACg8ocKHvndV-WnA6k5VOXYWZSxY_3FUDWsfrzbi9z6HERiq4iMDN-HA=s96-c	t
9	nilesh	nilesh@sarker.shop	\N	retail	2026-02-22 03:37:58.250783+00	7	customers/avatars/favicon.png	\N	f
3	Dr. Python	tamppic@gmail.com	\N	retail	2026-02-21 20:33:48.453895+00	3		https://lh3.googleusercontent.com/a/ACg8ocKYIJCZwJIYEqGRaavxpIRT27fkqfpEj1fgQ1ZY_i5lssPRx-z_=s96-c	t
1	admin	admin@gmail.com	\N	retail	2026-02-21 12:35:43.942727+00	1		\N	f
\.


--
-- Data for Name: accounts_district; Type: TABLE DATA; Schema: public; Owner: sarker_prod_user
--

COPY public.accounts_district (id, name, bn_name, division_id, lat, long) FROM stdin;
1	Comilla	কুমিল্লা	1	23.4682747	91.1788135
2	Feni	ফেনী	1	23.023231	91.3840844
3	Brahmanbaria	ব্রাহ্মণবাড়িয়া	1	23.9570904	91.1119286
4	Rangamati	রাঙ্গামাটি	1	22.65561018	92.17541121
5	Noakhali	নোয়াখালী	1	22.869563	91.099398
6	Chandpur	চাঁদপুর	1	23.2332585	90.6712912
7	Lakshmipur	লক্ষ্মীপুর	1	22.942477	90.841184
8	Chattogram	চট্টগ্রাম	1	22.335109	91.834073
9	Coxsbazar	কক্সবাজার	1	21.44315751	91.97381741
10	Khagrachhari	খাগড়াছড়ি	1	23.119285	91.984663
11	Bandarban	বান্দরবান	1	22.1953275	92.2183773
12	Sirajganj	সিরাজগঞ্জ	2	24.4533978	89.7006815
13	Pabna	পাবনা	2	23.998524	89.233645
14	Bogura	বগুড়া	2	24.8465228	89.377755
15	Rajshahi	রাজশাহী	2	24.37230298	88.56307623
16	Natore	নাটোর	2	24.420556	89.000282
17	Joypurhat	জয়পুরহাট	2	25.09636876	89.04004280
18	Chapainawabganj	চাঁপাইনবাবগঞ্জ	2	24.5965034	88.2775122
19	Naogaon	নওগাঁ	2	24.83256191	88.92485205
20	Jashore	যশোর	3	23.16643	89.2081126
21	Satkhira	সাতক্ষীরা	3	22.7180905	89.0687033
22	Meherpur	মেহেরপুর	3	23.762213	88.631821
23	Narail	নড়াইল	3	23.172534	89.512672
24	Chuadanga	চুয়াডাঙ্গা	3	23.6401961	88.841841
25	Kushtia	কুষ্টিয়া	3	23.901258	89.120482
26	Magura	মাগুরা	3	23.487337	89.419956
27	Khulna	খুলনা	3	22.815774	89.568679
28	Bagerhat	বাগেরহাট	3	22.651568	89.785938
29	Jhenaidah	ঝিনাইদহ	3	23.5448176	89.1539213
30	Jhalakathi	ঝালকাঠি	4	22.6422689	90.2003932
31	Patuakhali	পটুয়াখালী	4	22.3596316	90.3298712
32	Pirojpur	পিরোজপুর	4	22.5781398	89.9983909
33	Barisal	বরিশাল	4	22.7004179	90.3731568
34	Bhola	ভোলা	4	22.685923	90.648179
35	Barguna	বরগুনা	4	22.159182	90.125581
36	Sylhet	সিলেট	5	24.8897956	91.8697894
37	Moulvibazar	মৌলভীবাজার	5	24.482934	91.777417
38	Habiganj	হবিগঞ্জ	5	24.374945	91.41553
39	Sunamganj	সুনামগঞ্জ	5	25.0658042	91.3950115
40	Narsingdi	নরসিংদী	6	23.932233	90.71541
41	Gazipur	গাজীপুর	6	24.0022858	90.4264283
42	Shariatpur	শরীয়তপুর	6	23.2060195	90.3477725
43	Narayanganj	নারায়ণগঞ্জ	6	23.63366	90.496482
44	Tangail	টাঙ্গাইল	6	24.264145	89.918029
45	Kishoreganj	কিশোরগঞ্জ	6	24.444937	90.776575
46	Manikganj	মানিকগঞ্জ	6	23.8602262	90.0018293
47	Dhaka	ঢাকা	6	23.7115253	90.4111451
48	Munshiganj	মুন্সিগঞ্জ	6	23.5435742	90.5354327
49	Rajbari	রাজবাড়ী	6	23.7574305	89.6444665
50	Madaripur	মাদারীপুর	6	23.164102	90.1896805
51	Gopalganj	গোপালগঞ্জ	6	23.0050857	89.8266059
52	Faridpur	ফরিদপুর	6	23.6070822	89.8429406
53	Panchagarh	পঞ্চগড়	7	26.3411	88.5541606
54	Dinajpur	দিনাজপুর	7	25.6217061	88.6354504
55	Lalmonirhat	লালমনিরহাট	7	25.9165451	89.4532409
56	Nilphamari	নীলফামারী	7	25.931794	88.856006
57	Gaibandha	গাইবান্ধা	7	25.328751	89.528088
58	Thakurgaon	ঠাকুরগাঁও	7	26.0336945	88.4616834
59	Rangpur	রংপুর	7	25.7558096	89.244462
60	Kurigram	কুড়িগ্রাম	7	25.805445	89.636174
61	Sherpur	শেরপুর	8	25.0204933	90.0152966
62	Mymensingh	ময়মনসিংহ	8	24.7465670	90.4072093
63	Jamalpur	জামালপুর	8	24.937533	89.937775
64	Netrokona	নেত্রকোণা	8	24.870955	90.727887
\.


--
-- Data for Name: accounts_division; Type: TABLE DATA; Schema: public; Owner: sarker_prod_user
--

COPY public.accounts_division (id, name, bn_name, lat, long) FROM stdin;
1	Chattagram	চট্টগ্রাম	\N	\N
2	Rajshahi	রাজশাহী	\N	\N
3	Khulna	খুলনা	\N	\N
4	Barisal	বরিশাল	\N	\N
5	Sylhet	সিলেট	\N	\N
6	Dhaka	ঢাকা	\N	\N
7	Rangpur	রংপুর	\N	\N
8	Mymensingh	ময়মনসিংহ	\N	\N
\.


--
-- Data for Name: accounts_subdistrict; Type: TABLE DATA; Schema: public; Owner: sarker_prod_user
--

COPY public.accounts_subdistrict (id, name, bn_name, district_id) FROM stdin;
1	Debidwar	দেবিদ্বার	1
2	Barura	বরুড়া	1
3	Brahmanpara	ব্রাহ্মণপাড়া	1
4	Chandina	চান্দিনা	1
5	Chauddagram	চৌদ্দগ্রাম	1
6	Daudkandi	দাউদকান্দি	1
7	Homna	হোমনা	1
8	Laksam	লাকসাম	1
9	Muradnagar	মুরাদনগর	1
10	Nangalkot	নাঙ্গলকোট	1
11	Comilla Sadar	কুমিল্লা সদর	1
12	Meghna	মেঘনা	1
13	Monohargonj	মনোহরগঞ্জ	1
14	Sadarsouth	সদর দক্ষিণ	1
15	Titas	তিতাস	1
16	Burichang	বুড়িচং	1
17	Lalmai	লালমাই	1
18	Chhagalnaiya	ছাগলনাইয়া	2
19	Feni Sadar	ফেনী সদর	2
20	Sonagazi	সোনাগাজী	2
21	Fulgazi	ফুলগাজী	2
22	Parshuram	পরশুরাম	2
23	Daganbhuiyan	দাগনভূঞা	2
24	Brahmanbaria Sadar	ব্রাহ্মণবাড়িয়া সদর	3
25	Kasba	কসবা	3
26	Nasirnagar	নাসিরনগর	3
27	Sarail	সরাইল	3
28	Ashuganj	আশুগঞ্জ	3
29	Akhaura	আখাউড়া	3
30	Nabinagar	নবীনগর	3
31	Bancharampur	বাঞ্ছারামপুর	3
32	Bijoynagar	বিজয়নগর	3
33	Rangamati Sadar	রাঙ্গামাটি সদর	4
34	Kaptai	কাপ্তাই	4
35	Kawkhali	কাউখালী	4
36	Baghaichari	বাঘাইছড়ি	4
37	Barkal	বরকল	4
38	Langadu	লংগদু	4
39	Rajasthali	রাজস্থলী	4
40	Belaichari	বিলাইছড়ি	4
41	Juraichari	জুরাছড়ি	4
42	Naniarchar	নানিয়ারচর	4
43	Noakhali Sadar	নোয়াখালী সদর	5
44	Companiganj	কোম্পানীগঞ্জ	5
45	Begumganj	বেগমগঞ্জ	5
46	Hatia	হাতিয়া	5
47	Subarnachar	সুবর্ণচর	5
48	Kabirhat	কবিরহাট	5
49	Senbug	সেনবাগ	5
50	Chatkhil	চাটখিল	5
51	Sonaimori	সোনাইমুড়ী	5
52	Haimchar	হাইমচর	6
53	Kachua	কচুয়া	6
54	Shahrasti	শাহরাস্তি\t	6
55	Chandpur Sadar	চাঁদপুর সদর	6
56	Matlab South	মতলব দক্ষিণ	6
57	Hajiganj	হাজীগঞ্জ	6
58	Matlab North	মতলব উত্তর	6
59	Faridgonj	ফরিদগঞ্জ	6
60	Lakshmipur Sadar	লক্ষ্মীপুর সদর	7
61	Kamalnagar	কমলনগর	7
62	Raipur	রায়পুর	7
63	Ramgati	রামগতি	7
64	Ramganj	রামগঞ্জ	7
65	Rangunia	রাঙ্গুনিয়া	8
66	Sitakunda	সীতাকুন্ড	8
67	Mirsharai	মীরসরাই	8
68	Patiya	পটিয়া	8
69	Sandwip	সন্দ্বীপ	8
70	Banshkhali	বাঁশখালী	8
71	Boalkhali	বোয়ালখালী	8
72	Anwara	আনোয়ারা	8
73	Chandanaish	চন্দনাইশ	8
74	Satkania	সাতকানিয়া	8
75	Lohagara	লোহাগাড়া	8
76	Hathazari	হাটহাজারী	8
77	Fatikchhari	ফটিকছড়ি	8
78	Raozan	রাউজান	8
79	Karnafuli	কর্ণফুলী	8
80	Coxsbazar Sadar	কক্সবাজার সদর	9
81	Chakaria	চকরিয়া	9
82	Kutubdia	কুতুবদিয়া	9
83	Ukhiya	উখিয়া	9
84	Moheshkhali	মহেশখালী	9
85	Pekua	পেকুয়া	9
86	Ramu	রামু	9
87	Teknaf	টেকনাফ	9
88	Khagrachhari Sadar	খাগড়াছড়ি সদর	10
89	Dighinala	দিঘীনালা	10
90	Panchari	পানছড়ি	10
91	Laxmichhari	লক্ষীছড়ি	10
92	Mohalchari	মহালছড়ি	10
93	Manikchari	মানিকছড়ি	10
94	Ramgarh	রামগড়	10
95	Matiranga	মাটিরাঙ্গা	10
96	Guimara	গুইমারা	10
97	Bandarban Sadar	বান্দরবান সদর	11
98	Alikadam	আলীকদম	11
99	Naikhongchhari	নাইক্ষ্যংছড়ি	11
100	Rowangchhari	রোয়াংছড়ি	11
101	Lama	লামা	11
102	Ruma	রুমা	11
103	Thanchi	থানচি	11
104	Belkuchi	বেলকুচি	12
105	Chauhali	চৌহালি	12
106	Kamarkhand	কামারখন্দ	12
107	Kazipur	কাজীপুর	12
108	Raigonj	রায়গঞ্জ	12
109	Shahjadpur	শাহজাদপুর	12
110	Sirajganj Sadar	সিরাজগঞ্জ সদর	12
111	Tarash	তাড়াশ	12
112	Ullapara	উল্লাপাড়া	12
113	Sujanagar	সুজানগর	13
114	Ishurdi	ঈশ্বরদী	13
115	Bhangura	ভাঙ্গুড়া	13
116	Pabna Sadar	পাবনা সদর	13
117	Bera	বেড়া	13
118	Atghoria	আটঘরিয়া	13
119	Chatmohar	চাটমোহর	13
120	Santhia	সাঁথিয়া	13
121	Faridpur	ফরিদপুর	13
122	Kahaloo	কাহালু	14
123	Bogra Sadar	বগুড়া সদর	14
124	Shariakandi	সারিয়াকান্দি	14
125	Shajahanpur	শাজাহানপুর	14
126	Dupchanchia	দুপচাচিঁয়া	14
127	Adamdighi	আদমদিঘি	14
128	Nondigram	নন্দিগ্রাম	14
129	Sonatala	সোনাতলা	14
130	Dhunot	ধুনট	14
131	Gabtali	গাবতলী	14
132	Sherpur	শেরপুর	14
133	Shibganj	শিবগঞ্জ	14
134	Paba	পবা	15
135	Durgapur	দুর্গাপুর	15
136	Mohonpur	মোহনপুর	15
137	Charghat	চারঘাট	15
138	Puthia	পুঠিয়া	15
139	Bagha	বাঘা	15
140	Godagari	গোদাগাড়ী	15
141	Tanore	তানোর	15
142	Bagmara	বাগমারা	15
143	Natore Sadar	নাটোর সদর	16
144	Singra	সিংড়া	16
145	Baraigram	বড়াইগ্রাম	16
146	Bagatipara	বাগাতিপাড়া	16
147	Lalpur	লালপুর	16
148	Gurudaspur	গুরুদাসপুর	16
149	Naldanga	নলডাঙ্গা	16
150	Akkelpur	আক্কেলপুর	17
151	Kalai	কালাই	17
152	Khetlal	ক্ষেতলাল	17
153	Panchbibi	পাঁচবিবি	17
154	Joypurhat Sadar	জয়পুরহাট সদর	17
155	Chapainawabganj Sadar	চাঁপাইনবাবগঞ্জ সদর	18
156	Gomostapur	গোমস্তাপুর	18
157	Nachol	নাচোল	18
158	Bholahat	ভোলাহাট	18
159	Shibganj	শিবগঞ্জ	18
160	Mohadevpur	মহাদেবপুর	19
161	Badalgachi	বদলগাছী	19
162	Patnitala	পত্নিতলা	19
163	Dhamoirhat	ধামইরহাট	19
164	Niamatpur	নিয়ামতপুর	19
165	Manda	মান্দা	19
166	Atrai	আত্রাই	19
167	Raninagar	রাণীনগর	19
168	Naogaon Sadar	নওগাঁ সদর	19
169	Porsha	পোরশা	19
170	Sapahar	সাপাহার	19
171	Manirampur	মণিরামপুর	20
172	Abhaynagar	অভয়নগর	20
173	Bagherpara	বাঘারপাড়া	20
174	Chougachha	চৌগাছা	20
175	Jhikargacha	ঝিকরগাছা	20
176	Keshabpur	কেশবপুর	20
177	Jessore Sadar	যশোর সদর	20
178	Sharsha	শার্শা	20
179	Assasuni	আশাশুনি	21
180	Debhata	দেবহাটা	21
181	Kalaroa	কলারোয়া	21
182	Satkhira Sadar	সাতক্ষীরা সদর	21
183	Shyamnagar	শ্যামনগর	21
184	Tala	তালা	21
185	Kaliganj	কালিগঞ্জ	21
186	Mujibnagar	মুজিবনগর	22
187	Meherpur Sadar	মেহেরপুর সদর	22
188	Gangni	গাংনী	22
189	Narail Sadar	নড়াইল সদর	23
190	Lohagara	লোহাগড়া	23
191	Kalia	কালিয়া	23
192	Chuadanga Sadar	চুয়াডাঙ্গা সদর	24
193	Alamdanga	আলমডাঙ্গা	24
194	Damurhuda	দামুড়হুদা	24
195	Jibannagar	জীবননগর	24
196	Kushtia Sadar	কুষ্টিয়া সদর	25
197	Kumarkhali	কুমারখালী	25
198	Khoksa	খোকসা	25
199	Mirpur	মিরপুর	25
200	Daulatpur	দৌলতপুর	25
201	Bheramara	ভেড়ামারা	25
202	Shalikha	শালিখা	26
203	Sreepur	শ্রীপুর	26
204	Magura Sadar	মাগুরা সদর	26
205	Mohammadpur	মহম্মদপুর	26
206	Paikgasa	পাইকগাছা	27
207	Fultola	ফুলতলা	27
208	Digholia	দিঘলিয়া	27
209	Rupsha	রূপসা	27
210	Terokhada	তেরখাদা	27
211	Dumuria	ডুমুরিয়া	27
212	Botiaghata	বটিয়াঘাটা	27
213	Dakop	দাকোপ	27
214	Koyra	কয়রা	27
215	Fakirhat	ফকিরহাট	28
216	Bagerhat Sadar	বাগেরহাট সদর	28
217	Mollahat	মোল্লাহাট	28
218	Sarankhola	শরণখোলা	28
219	Rampal	রামপাল	28
220	Morrelganj	মোড়েলগঞ্জ	28
221	Kachua	কচুয়া	28
222	Mongla	মোংলা	28
223	Chitalmari	চিতলমারী	28
224	Jhenaidah Sadar	ঝিনাইদহ সদর	29
225	Shailkupa	শৈলকুপা	29
226	Harinakundu	হরিণাকুন্ডু	29
227	Kaliganj	কালীগঞ্জ	29
228	Kotchandpur	কোটচাঁদপুর	29
229	Moheshpur	মহেশপুর	29
230	Jhalakathi Sadar	ঝালকাঠি সদর	30
231	Kathalia	কাঠালিয়া	30
232	Nalchity	নলছিটি	30
233	Rajapur	রাজাপুর	30
234	Bauphal	বাউফল	31
235	Patuakhali Sadar	পটুয়াখালী সদর	31
236	Dumki	দুমকি	31
237	Dashmina	দশমিনা	31
238	Kalapara	কলাপাড়া	31
239	Mirzaganj	মির্জাগঞ্জ	31
240	Galachipa	গলাচিপা	31
241	Rangabali	রাঙ্গাবালী	31
242	Pirojpur Sadar	পিরোজপুর সদর	32
243	Nazirpur	নাজিরপুর	32
244	Kawkhali	কাউখালী	32
245	Zianagar	জিয়ানগর	32
246	Bhandaria	ভান্ডারিয়া	32
247	Mathbaria	মঠবাড়ীয়া	32
248	Nesarabad	নেছারাবাদ	32
249	Barisal Sadar	বরিশাল সদর	33
250	Bakerganj	বাকেরগঞ্জ	33
251	Babuganj	বাবুগঞ্জ	33
252	Wazirpur	উজিরপুর	33
253	Banaripara	বানারীপাড়া	33
254	Gournadi	গৌরনদী	33
255	Agailjhara	আগৈলঝাড়া	33
256	Mehendiganj	মেহেন্দিগঞ্জ	33
257	Muladi	মুলাদী	33
258	Hizla	হিজলা	33
259	Bhola Sadar	ভোলা সদর	34
260	Borhan Sddin	বোরহান উদ্দিন	34
261	Charfesson	চরফ্যাশন	34
262	Doulatkhan	দৌলতখান	34
263	Monpura	মনপুরা	34
264	Tazumuddin	তজুমদ্দিন	34
265	Lalmohan	লালমোহন	34
266	Amtali	আমতলী	35
267	Barguna Sadar	বরগুনা সদর	35
268	Betagi	বেতাগী	35
269	Bamna	বামনা	35
270	Pathorghata	পাথরঘাটা	35
271	Taltali	তালতলি	35
272	Balaganj	বালাগঞ্জ	36
273	Beanibazar	বিয়ানীবাজার	36
274	Bishwanath	বিশ্বনাথ	36
275	Companiganj	কোম্পানীগঞ্জ	36
276	Fenchuganj	ফেঞ্চুগঞ্জ	36
277	Golapganj	গোলাপগঞ্জ	36
278	Gowainghat	গোয়াইনঘাট	36
279	Jaintiapur	জৈন্তাপুর	36
280	Kanaighat	কানাইঘাট	36
281	Sylhet Sadar	সিলেট সদর	36
282	Zakiganj	জকিগঞ্জ	36
283	Dakshinsurma	দক্ষিণ সুরমা	36
284	Osmaninagar	ওসমানী নগর	36
285	Barlekha	বড়লেখা	37
286	Kamolganj	কমলগঞ্জ	37
287	Kulaura	কুলাউড়া	37
288	Moulvibazar Sadar	মৌলভীবাজার সদর	37
289	Rajnagar	রাজনগর	37
290	Sreemangal	শ্রীমঙ্গল	37
291	Juri	জুড়ী	37
292	Nabiganj	নবীগঞ্জ	38
293	Bahubal	বাহুবল	38
294	Ajmiriganj	আজমিরীগঞ্জ	38
295	Baniachong	বানিয়াচং	38
296	Lakhai	লাখাই	38
297	Chunarughat	চুনারুঘাট	38
298	Habiganj Sadar	হবিগঞ্জ সদর	38
299	Madhabpur	মাধবপুর	38
300	Sunamganj Sadar	সুনামগঞ্জ সদর	39
301	South Sunamganj	দক্ষিণ সুনামগঞ্জ	39
302	Bishwambarpur	বিশ্বম্ভরপুর	39
303	Chhatak	ছাতক	39
304	Jagannathpur	জগন্নাথপুর	39
305	Dowarabazar	দোয়ারাবাজার	39
306	Tahirpur	তাহিরপুর	39
307	Dharmapasha	ধর্মপাশা	39
308	Jamalganj	জামালগঞ্জ	39
309	Shalla	শাল্লা	39
310	Derai	দিরাই	39
311	Belabo	বেলাবো	40
312	Monohardi	মনোহরদী	40
313	Narsingdi Sadar	নরসিংদী সদর	40
314	Palash	পলাশ	40
315	Raipura	রায়পুরা	40
316	Shibpur	শিবপুর	40
317	Kaliganj	কালীগঞ্জ	41
318	Kaliakair	কালিয়াকৈর	41
319	Kapasia	কাপাসিয়া	41
320	Gazipur Sadar	গাজীপুর সদর	41
321	Sreepur	শ্রীপুর	41
322	Shariatpur Sadar	শরিয়তপুর সদর	42
323	Naria	নড়িয়া	42
324	Zajira	জাজিরা	42
325	Gosairhat	গোসাইরহাট	42
326	Bhedarganj	ভেদরগঞ্জ	42
327	Damudya	ডামুড্যা	42
328	Araihazar	আড়াইহাজার	43
329	Bandar	বন্দর	43
330	Narayanganj Sadar	নারায়নগঞ্জ সদর	43
331	Rupganj	রূপগঞ্জ	43
332	Sonargaon	সোনারগাঁ	43
333	Basail	বাসাইল	44
334	Bhuapur	ভুয়াপুর	44
335	Delduar	দেলদুয়ার	44
336	Ghatail	ঘাটাইল	44
337	Gopalpur	গোপালপুর	44
338	Madhupur	মধুপুর	44
339	Mirzapur	মির্জাপুর	44
340	Nagarpur	নাগরপুর	44
341	Sakhipur	সখিপুর	44
342	Tangail Sadar	টাঙ্গাইল সদর	44
343	Kalihati	কালিহাতী	44
344	Dhanbari	ধনবাড়ী	44
345	Itna	ইটনা	45
346	Katiadi	কটিয়াদী	45
347	Bhairab	ভৈরব	45
348	Tarail	তাড়াইল	45
349	Hossainpur	হোসেনপুর	45
350	Pakundia	পাকুন্দিয়া	45
351	Kuliarchar	কুলিয়ারচর	45
352	Kishoreganj Sadar	কিশোরগঞ্জ সদর	45
353	Karimgonj	করিমগঞ্জ	45
354	Bajitpur	বাজিতপুর	45
355	Austagram	অষ্টগ্রাম	45
356	Mithamoin	মিঠামইন	45
357	Nikli	নিকলী	45
358	Harirampur	হরিরামপুর	46
359	Saturia	সাটুরিয়া	46
360	Manikganj Sadar	মানিকগঞ্জ সদর	46
361	Gior	ঘিওর	46
362	Shibaloy	শিবালয়	46
363	Doulatpur	দৌলতপুর	46
364	Singiar	সিংগাইর	46
365	Savar	সাভার	47
366	Dhamrai	ধামরাই	47
367	Keraniganj	কেরাণীগঞ্জ	47
368	Nawabganj	নবাবগঞ্জ	47
369	Dohar	দোহার	47
370	Munshiganj Sadar	মুন্সিগঞ্জ সদর	48
371	Sreenagar	শ্রীনগর	48
372	Sirajdikhan	সিরাজদিখান	48
373	Louhajanj	লৌহজং	48
374	Gajaria	গজারিয়া	48
375	Tongibari	টংগীবাড়ি	48
376	Rajbari Sadar	রাজবাড়ী সদর	49
377	Goalanda	গোয়ালন্দ	49
378	Pangsa	পাংশা	49
379	Baliakandi	বালিয়াকান্দি	49
380	Kalukhali	কালুখালী	49
381	Madaripur Sadar	মাদারীপুর সদর	50
382	Shibchar	শিবচর	50
383	Kalkini	কালকিনি	50
384	Rajoir	রাজৈর	50
385	Gopalganj Sadar	গোপালগঞ্জ সদর	51
386	Kashiani	কাশিয়ানী	51
387	Tungipara	টুংগীপাড়া	51
388	Kotalipara	কোটালীপাড়া	51
389	Muksudpur	মুকসুদপুর	51
390	Faridpur Sadar	ফরিদপুর সদর	52
391	Alfadanga	আলফাডাঙ্গা	52
392	Boalmari	বোয়ালমারী	52
393	Sadarpur	সদরপুর	52
394	Nagarkanda	নগরকান্দা	52
395	Bhanga	ভাঙ্গা	52
396	Charbhadrasan	চরভদ্রাসন	52
397	Madhukhali	মধুখালী	52
398	Saltha	সালথা	52
399	Panchagarh Sadar	পঞ্চগড় সদর	53
400	Debiganj	দেবীগঞ্জ	53
401	Boda	বোদা	53
402	Atwari	আটোয়ারী	53
403	Tetulia	তেতুলিয়া	53
404	Nawabganj	নবাবগঞ্জ	54
405	Birganj	বীরগঞ্জ	54
406	Ghoraghat	ঘোড়াঘাট	54
407	Birampur	বিরামপুর	54
408	Parbatipur	পার্বতীপুর	54
409	Bochaganj	বোচাগঞ্জ	54
410	Kaharol	কাহারোল	54
411	Fulbari	ফুলবাড়ী	54
412	Dinajpur Sadar	দিনাজপুর সদর	54
413	Hakimpur	হাকিমপুর	54
414	Khansama	খানসামা	54
415	Birol	বিরল	54
416	Chirirbandar	চিরিরবন্দর	54
417	Lalmonirhat Sadar	লালমনিরহাট সদর	55
418	Kaliganj	কালীগঞ্জ	55
419	Hatibandha	হাতীবান্ধা	55
420	Patgram	পাটগ্রাম	55
421	Aditmari	আদিতমারী	55
422	Syedpur	সৈয়দপুর	56
423	Domar	ডোমার	56
424	Dimla	ডিমলা	56
425	Jaldhaka	জলঢাকা	56
426	Kishorganj	কিশোরগঞ্জ	56
427	Nilphamari Sadar	নীলফামারী সদর	56
428	Sadullapur	সাদুল্লাপুর	57
429	Gaibandha Sadar	গাইবান্ধা সদর	57
430	Palashbari	পলাশবাড়ী	57
431	Saghata	সাঘাটা	57
432	Gobindaganj	গোবিন্দগঞ্জ	57
433	Sundarganj	সুন্দরগঞ্জ	57
434	Phulchari	ফুলছড়ি	57
435	Thakurgaon Sadar	ঠাকুরগাঁও সদর	58
436	Pirganj	পীরগঞ্জ	58
437	Ranisankail	রাণীশংকৈল	58
438	Haripur	হরিপুর	58
439	Baliadangi	বালিয়াডাঙ্গী	58
440	Rangpur Sadar	রংপুর সদর	59
441	Gangachara	গংগাচড়া	59
442	Taragonj	তারাগঞ্জ	59
443	Badargonj	বদরগঞ্জ	59
444	Mithapukur	মিঠাপুকুর	59
445	Pirgonj	পীরগঞ্জ	59
446	Kaunia	কাউনিয়া	59
447	Pirgacha	পীরগাছা	59
448	Kurigram Sadar	কুড়িগ্রাম সদর	60
449	Nageshwari	নাগেশ্বরী	60
450	Bhurungamari	ভুরুঙ্গামারী	60
451	Phulbari	ফুলবাড়ী	60
452	Rajarhat	রাজারহাট	60
453	Ulipur	উলিপুর	60
454	Chilmari	চিলমারী	60
455	Rowmari	রৌমারী	60
456	Charrajibpur	চর রাজিবপুর	60
457	Sherpur Sadar	শেরপুর সদর	61
458	Nalitabari	নালিতাবাড়ী	61
459	Sreebordi	শ্রীবরদী	61
460	Nokla	নকলা	61
461	Jhenaigati	ঝিনাইগাতী	61
462	Fulbaria	ফুলবাড়ীয়া	62
463	Trishal	ত্রিশাল	62
464	Bhaluka	ভালুকা	62
465	Muktagacha	মুক্তাগাছা	62
466	Mymensingh Sadar	ময়মনসিংহ সদর	62
467	Dhobaura	ধোবাউড়া	62
468	Phulpur	ফুলপুর	62
469	Haluaghat	হালুয়াঘাট	62
470	Gouripur	গৌরীপুর	62
471	Gafargaon	গফরগাঁও	62
472	Iswarganj	ঈশ্বরগঞ্জ	62
473	Nandail	নান্দাইল	62
474	Tarakanda	তারাকান্দা	62
475	Jamalpur Sadar	জামালপুর সদর	63
476	Melandah	মেলান্দহ	63
477	Islampur	ইসলামপুর	63
478	Dewangonj	দেওয়ানগঞ্জ	63
479	Sarishabari	সরিষাবাড়ী	63
480	Madarganj	মাদারগঞ্জ	63
481	Bokshiganj	বকশীগঞ্জ	63
482	Barhatta	বারহাট্টা	64
483	Durgapur	দুর্গাপুর	64
484	Kendua	কেন্দুয়া	64
485	Atpara	আটপাড়া	64
486	Madan	মদন	64
487	Khaliajuri	খালিয়াজুরী	64
488	Kalmakanda	কলমাকান্দা	64
489	Mohongonj	মোহনগঞ্জ	64
490	Purbadhala	পূর্বধলা	64
491	Netrokona Sadar	নেত্রকোণা সদর	64
492	Eidgaon	ঈদগাঁও	9
493	Madhyanagar	মধ্যনগর	39
494	Dasar	ডাসার	50
\.


--
-- Data for Name: auth_group; Type: TABLE DATA; Schema: public; Owner: sarker_prod_user
--

COPY public.auth_group (id, name) FROM stdin;
\.


--
-- Data for Name: auth_group_permissions; Type: TABLE DATA; Schema: public; Owner: sarker_prod_user
--

COPY public.auth_group_permissions (id, group_id, permission_id) FROM stdin;
\.


--
-- Data for Name: auth_permission; Type: TABLE DATA; Schema: public; Owner: sarker_prod_user
--

COPY public.auth_permission (id, name, content_type_id, codename) FROM stdin;
1	Can add log entry	1	add_logentry
2	Can change log entry	1	change_logentry
3	Can delete log entry	1	delete_logentry
4	Can view log entry	1	view_logentry
5	Can add permission	2	add_permission
6	Can change permission	2	change_permission
7	Can delete permission	2	delete_permission
8	Can view permission	2	view_permission
9	Can add group	3	add_group
10	Can change group	3	change_group
11	Can delete group	3	delete_group
12	Can view group	3	view_group
13	Can add user	4	add_user
14	Can change user	4	change_user
15	Can delete user	4	delete_user
16	Can view user	4	view_user
17	Can add content type	5	add_contenttype
18	Can change content type	5	change_contenttype
19	Can delete content type	5	delete_contenttype
20	Can view content type	5	view_contenttype
21	Can add session	6	add_session
22	Can change session	6	change_session
23	Can delete session	6	delete_session
24	Can view session	6	view_session
25	Can add site	7	add_site
26	Can change site	7	change_site
27	Can delete site	7	delete_site
28	Can view site	7	view_site
29	Can add Token	8	add_token
30	Can change Token	8	change_token
31	Can delete Token	8	delete_token
32	Can view Token	8	view_token
33	Can add Token	9	add_tokenproxy
34	Can change Token	9	change_tokenproxy
35	Can delete Token	9	delete_tokenproxy
36	Can view Token	9	view_tokenproxy
37	Can add customer	10	add_customer
38	Can change customer	10	change_customer
39	Can delete customer	10	delete_customer
40	Can view customer	10	view_customer
41	Can add address	11	add_address
42	Can change address	11	change_address
43	Can delete address	11	delete_address
44	Can view address	11	view_address
45	Can add division	12	add_division
46	Can change division	12	change_division
47	Can delete division	12	delete_division
48	Can view division	12	view_division
49	Can add district	13	add_district
50	Can change district	13	change_district
51	Can delete district	13	delete_district
52	Can view district	13	view_district
53	Can add Sub-District (Upazila)	14	add_subdistrict
54	Can change Sub-District (Upazila)	14	change_subdistrict
55	Can delete Sub-District (Upazila)	14	delete_subdistrict
56	Can view Sub-District (Upazila)	14	view_subdistrict
57	Can add order status	15	add_orderstatus
58	Can change order status	15	change_orderstatus
59	Can delete order status	15	delete_orderstatus
60	Can view order status	15	view_orderstatus
61	Can add payment info	16	add_paymentinfo
62	Can change payment info	16	change_paymentinfo
63	Can delete payment info	16	delete_paymentinfo
64	Can view payment info	16	view_paymentinfo
65	Can add cart	17	add_cart
66	Can change cart	17	change_cart
67	Can delete cart	17	delete_cart
68	Can view cart	17	view_cart
69	Can add cart item	18	add_cartitem
70	Can change cart item	18	change_cartitem
71	Can delete cart item	18	delete_cartitem
72	Can view cart item	18	view_cartitem
73	Can add checkout	19	add_checkout
74	Can change checkout	19	change_checkout
75	Can delete checkout	19	delete_checkout
76	Can view checkout	19	view_checkout
77	Can add order	20	add_order
78	Can change order	20	change_order
79	Can delete order	20	delete_order
80	Can view order	20	view_order
81	Can add order item	21	add_orderitem
82	Can change order item	21	change_orderitem
83	Can delete order item	21	delete_orderitem
84	Can view order item	21	view_orderitem
85	Can add brand	22	add_brand
86	Can change brand	22	change_brand
87	Can delete brand	22	delete_brand
88	Can view brand	22	view_brand
89	Can add category	23	add_category
90	Can change category	23	change_category
91	Can delete category	23	delete_category
92	Can view category	23	view_category
93	Can add product	24	add_product
94	Can change product	24	change_product
95	Can delete product	24	delete_product
96	Can view product	24	view_product
97	Can add product image	25	add_productimage
98	Can change product image	25	change_productimage
99	Can delete product image	25	delete_productimage
100	Can view product image	25	view_productimage
101	Can add product specification	26	add_productspecification
102	Can change product specification	26	change_productspecification
103	Can delete product specification	26	delete_productspecification
104	Can view product specification	26	view_productspecification
105	Can add product variant	27	add_productvariant
106	Can change product variant	27	change_productvariant
107	Can delete product variant	27	delete_productvariant
108	Can view product variant	27	view_productvariant
109	Can add review	28	add_review
110	Can change review	28	change_review
111	Can delete review	28	delete_review
112	Can view review	28	view_review
113	Can add question	29	add_question
114	Can change question	29	change_question
115	Can delete question	29	delete_question
116	Can view question	29	view_question
117	Can add contact message	30	add_contactmessage
118	Can change contact message	30	change_contactmessage
119	Can delete contact message	30	delete_contactmessage
120	Can view contact message	30	view_contactmessage
121	Can add newsletter subscription	31	add_newslettersubscription
122	Can change newsletter subscription	31	change_newslettersubscription
123	Can delete newsletter subscription	31	delete_newslettersubscription
124	Can view newsletter subscription	31	view_newslettersubscription
125	Can add email address	32	add_emailaddress
126	Can change email address	32	change_emailaddress
127	Can delete email address	32	delete_emailaddress
128	Can view email address	32	view_emailaddress
129	Can add email confirmation	33	add_emailconfirmation
130	Can change email confirmation	33	change_emailconfirmation
131	Can delete email confirmation	33	delete_emailconfirmation
132	Can view email confirmation	33	view_emailconfirmation
133	Can add social account	34	add_socialaccount
134	Can change social account	34	change_socialaccount
135	Can delete social account	34	delete_socialaccount
136	Can view social account	34	view_socialaccount
137	Can add social application	35	add_socialapp
138	Can change social application	35	change_socialapp
139	Can delete social application	35	delete_socialapp
140	Can view social application	35	view_socialapp
141	Can add social application token	36	add_socialtoken
142	Can change social application token	36	change_socialtoken
143	Can delete social application token	36	delete_socialtoken
144	Can view social application token	36	view_socialtoken
145	Can add task result	37	add_taskresult
146	Can change task result	37	change_taskresult
147	Can delete task result	37	delete_taskresult
148	Can view task result	37	view_taskresult
149	Can add chord counter	38	add_chordcounter
150	Can change chord counter	38	change_chordcounter
151	Can delete chord counter	38	delete_chordcounter
152	Can view chord counter	38	view_chordcounter
153	Can add group result	39	add_groupresult
154	Can change group result	39	change_groupresult
155	Can delete group result	39	delete_groupresult
156	Can view group result	39	view_groupresult
\.


--
-- Data for Name: auth_user; Type: TABLE DATA; Schema: public; Owner: sarker_prod_user
--

COPY public.auth_user (id, password, last_login, is_superuser, username, first_name, last_name, email, is_staff, is_active, date_joined) FROM stdin;
8	pbkdf2_sha256$1000000$MKv8B2ztsAIEDl8Ww2IwBY$WchfKMM0kJT/uVLt1MDuw0hC4YKQ0n5yVXoT4ItXNMw=	\N	f	nileshsrk94_8454b3d3			nileshsrk94@gmail.com	f	t	2026-02-22 10:18:18.758743+00
7	pbkdf2_sha256$1000000$47Y5TZtQVF7xtoyrcF2i3h$x9lY9LKbl47cOJWRu3rFolFTD7AmgxZJercSo0GBdEY=	2026-02-23 15:34:18.190615+00	t	nilesh	Nilesh	Sarker	nilesh@sarker.shop	t	t	2026-02-22 03:37:58+00
3	!VqBKfBZ9S1y5Tt3rm4esVmyoQp9yRrkTxyUqbiSs	2026-02-24 01:04:40.990022+00	f	tamppic	Dr.	Python	tamppic@gmail.com	f	t	2026-02-21 20:33:48.444411+00
1	pbkdf2_sha256$1000000$lOBrqwGF9LJ76jiruXzlJu$KCsqJUDvQpYyvbgpGAZAgHjFF7A9UuRv2ecOcjTtHzA=	2026-02-24 13:08:36.194168+00	t	admin			admin@gmail.com	t	t	2026-02-21 12:35:43.720436+00
2	!thnCBSIIVvhHJ6HIUSLyQ5DedAagSXk6paiI6QM3	2026-02-25 17:37:42.051743+00	f	samircd4	Somir	Chandra Dash	samircd4@gmail.com	t	t	2026-02-21 20:32:28+00
4	!gmTeXu491eYEPb0dpaplJzrvda313y1vYQ4JLUaT	2026-02-21 21:48:17.433725+00	f	imjesual	Im	Jesual	imjesual@gmail.com	f	t	2026-02-21 20:52:10.977698+00
\.


--
-- Data for Name: auth_user_groups; Type: TABLE DATA; Schema: public; Owner: sarker_prod_user
--

COPY public.auth_user_groups (id, user_id, group_id) FROM stdin;
\.


--
-- Data for Name: auth_user_user_permissions; Type: TABLE DATA; Schema: public; Owner: sarker_prod_user
--

COPY public.auth_user_user_permissions (id, user_id, permission_id) FROM stdin;
\.


--
-- Data for Name: authtoken_token; Type: TABLE DATA; Schema: public; Owner: sarker_prod_user
--

COPY public.authtoken_token (key, created, user_id) FROM stdin;
\.


--
-- Data for Name: django_admin_log; Type: TABLE DATA; Schema: public; Owner: sarker_prod_user
--

COPY public.django_admin_log (id, action_time, object_id, object_repr, action_flag, change_message, content_type_id, user_id) FROM stdin;
1	2026-02-21 12:36:16.332018+00	1	Test	1	[{"added": {}}]	22	1
2	2026-02-21 12:36:26.928393+00	1	test	1	[{"added": {}}]	23	1
3	2026-02-21 12:36:57.71501+00	1	Test (SS266239)	1	[{"added": {}}, {"added": {"name": "product image", "object": "Image for Test"}}, {"added": {"name": "product image", "object": "Image for Test"}}, {"added": {"name": "product image", "object": "Image for Test"}}]	24	1
4	2026-02-21 12:38:10.914893+00	1	Test (SS266239)	2	[{"changed": {"fields": ["Price", "Rating", "Reviews count"]}}]	24	1
5	2026-02-21 18:09:42.224132+00	1	Test (SS266239)	2	[{"changed": {"fields": ["Image"]}}]	24	1
6	2026-02-21 20:37:33.456599+00	1	Test (SS266239)	2	[{"added": {"name": "product image", "object": "Image for Test"}}, {"added": {"name": "product image", "object": "Image for Test"}}, {"deleted": {"name": "product image", "object": "Image for Test"}}]	24	1
7	2026-02-21 20:47:49.011112+00	2	samircd4	2	[{"changed": {"fields": ["Staff status"]}}]	4	1
8	2026-02-21 20:58:07.880651+00	1	Order #1 - Somir Chandra Dash	3		20	1
9	2026-02-21 20:58:24.436113+00	1	Test	3		22	1
10	2026-02-21 20:59:44.148142+00	2	Xiaomi	1	[{"added": {}}]	22	1
11	2026-02-21 21:00:49.872004+00	3	Amazfit	1	[{"added": {}}]	22	1
12	2026-02-21 21:01:36.102655+00	3	Amazfit	2	[{"changed": {"fields": ["Logo"]}}]	22	1
13	2026-02-21 21:01:42.400257+00	3	Amazfit	2	[{"changed": {"fields": ["Logo"]}}]	22	1
14	2026-02-21 21:02:38.18749+00	4	Oneplus	1	[{"added": {}}]	22	1
15	2026-02-21 21:03:19.370964+00	5	Imiki	1	[{"added": {}}]	22	1
16	2026-02-21 21:03:56.312326+00	6	Oraimo	1	[{"added": {}}]	22	1
17	2026-02-21 21:04:52.298041+00	7	Foneng	1	[{"added": {}}]	22	1
18	2026-02-21 21:17:44.195027+00	2	Smartphone	1	[{"added": {}}]	23	1
19	2026-02-21 21:25:52.476019+00	8	Samsung	1	[{"added": {}}]	22	1
20	2026-02-21 21:34:00.984125+00	2	Galaxy A17 5G [6/128] (SS721094)	1	[{"added": {}}, {"added": {"name": "product specification", "object": "Galaxy A17 5G [6/128] | Chipset Brand: Exynos"}}, {"added": {"name": "product specification", "object": "Galaxy A17 5G [6/128] | Chipset-Model: 1330-5NM"}}, {"added": {"name": "product specification", "object": "Galaxy A17 5G [6/128] | RAM (GB): 6GB"}}, {"added": {"name": "product specification", "object": "Galaxy A17 5G [6/128] | ROM (GB): 128GB"}}, {"added": {"name": "product specification", "object": "Galaxy A17 5G [6/128] | Memory Card Slot: 2TB"}}, {"added": {"name": "product specification", "object": "Galaxy A17 5G [6/128] | Display Type: Super Amoled"}}, {"added": {"name": "product specification", "object": "Galaxy A17 5G [6/128] | Resolution: FHD+"}}, {"added": {"name": "product specification", "object": "Galaxy A17 5G [6/128] | Display Size: 6.7\\""}}, {"added": {"name": "product specification", "object": "Galaxy A17 5G [6/128] | Display Protection: Victus+"}}, {"added": {"name": "product specification", "object": "Galaxy A17 5G [6/128] | Wide Camera: 50MP"}}, {"added": {"name": "product specification", "object": "Galaxy A17 5G [6/128] | Front Camera: 13MP"}}, {"added": {"name": "product specification", "object": "Galaxy A17 5G [6/128] | Battery (mAh): 5000Mah"}}, {"added": {"name": "product specification", "object": "Galaxy A17 5G [6/128] | Charger Watt. (In Box): 15W"}}, {"added": {"name": "product specification", "object": "Galaxy A17 5G [6/128] | Charger Watt. (Support): 25W"}}, {"added": {"name": "product specification", "object": "Galaxy A17 5G [6/128] | Weight (g): 190 g"}}, {"added": {"name": "product image", "object": "Image for Galaxy A17 5G [6/128]"}}]	24	1
21	2026-02-21 21:39:33.68554+00	2	Delivered	1	[{"added": {}}]	15	1
22	2026-02-21 21:39:48.036657+00	3	Shipped	1	[{"added": {}}]	15	1
23	2026-02-21 21:40:08.925433+00	4	Confirmed	1	[{"added": {}}]	15	1
24	2026-02-21 21:40:59.342868+00	5	Cancelled	1	[{"added": {}}]	15	1
25	2026-02-21 21:42:29.806238+00	2	Order #2 - Im Jesual	2	[{"changed": {"fields": ["Order status"]}}]	20	1
26	2026-02-21 21:42:48.746078+00	2	Order #2 - Im Jesual	2	[{"changed": {"fields": ["Order status"]}}]	20	1
27	2026-02-21 21:43:02.86611+00	2	Order #2 - Im Jesual	2	[{"changed": {"fields": ["Order status"]}}]	20	1
28	2026-02-21 21:43:12.52511+00	2	Order #2 - Im Jesual	2	[{"changed": {"fields": ["Order status"]}}]	20	1
29	2026-02-21 21:43:31.177568+00	2	Order #2 - Im Jesual	2	[{"changed": {"fields": ["Order status"]}}]	20	1
30	2026-02-21 21:43:43.012509+00	2	Order #2 - Im Jesual	2	[{"changed": {"fields": ["Order status"]}}]	20	1
31	2026-02-21 21:44:53.070087+00	2	Order #2 - Im Jesual	2	[{"changed": {"fields": ["Order status"]}}]	20	1
32	2026-02-21 21:48:04.538762+00	2	Order #2 - Somir Chandra Dash	2	[{"changed": {"fields": ["Customer"]}}]	20	1
33	2026-02-22 03:38:26.322109+00	7	nilesh	2	[{"changed": {"fields": ["First name", "Last name"]}}]	4	1
34	2026-02-22 03:38:57.76949+00	7	nilesh	2	[{"changed": {"name": "customer", "object": "nilesh (retail)", "fields": ["Avatar"]}}]	4	1
35	2026-02-22 03:40:48.14409+00	2	Payment 123 - Paid	2	[{"changed": {"fields": ["Is paid"]}}]	16	1
36	2026-02-22 03:40:51.695967+00	2	Order #2 - Somir Chandra Dash	2	[]	20	1
37	2026-02-23 15:44:47.207363+00	9	Realme	1	[{"added": {}}]	22	7
38	2026-02-23 15:47:02.377641+00	3	Order #3 - Nilesh Sarker	2	[{"changed": {"fields": ["Order status"]}}]	20	1
39	2026-02-23 15:47:52.024177+00	6	returned	1	[{"added": {}}]	15	1
40	2026-02-23 15:48:17.659974+00	6	Returned	2	[{"changed": {"fields": ["Status code", "Display name"]}}]	15	1
41	2026-02-23 15:49:31.780087+00	9	Realme	2	[]	22	7
42	2026-02-23 15:51:10.435981+00	3	Smart Watch	1	[{"added": {}}]	23	7
43	2026-02-23 15:51:43.479195+00	4	Excessorise	1	[{"added": {}}]	23	7
44	2026-02-23 15:52:15.129409+00	5	Charger	1	[{"added": {}}]	23	7
45	2026-02-23 15:52:45.248568+00	6	Headphone	1	[{"added": {}}]	23	7
46	2026-02-23 15:52:53.914289+00	7	Cable	1	[{"added": {}}]	23	7
47	2026-02-23 15:56:58.563172+00	10	VIVO	1	[{"added": {}}]	22	7
48	2026-02-23 17:06:05.321212+00	3	Smart Watch	2	[{"changed": {"fields": ["Logo"]}}]	23	1
49	2026-02-23 17:14:47.469367+00	8	Adapter	1	[{"added": {}}]	23	7
50	2026-02-23 17:24:41.456676+00	5	Charger	2	[{"changed": {"fields": ["Logo"]}}]	23	7
51	2026-02-23 17:25:10.568865+00	7	Cable	2	[{"changed": {"fields": ["Logo"]}}]	23	7
52	2026-02-23 17:25:28.242523+00	4	Excessorise	2	[{"changed": {"fields": ["Logo"]}}]	23	7
53	2026-02-23 17:27:41.003749+00	6	Headphone	2	[{"changed": {"fields": ["Logo"]}}]	23	7
54	2026-02-23 17:28:47.96122+00	1	test	3		23	7
55	2026-02-23 17:32:44.140717+00	7	Cable	2	[{"changed": {"fields": ["Logo"]}}]	23	7
56	2026-02-23 17:48:12.175706+00	9	Samsung	1	[{"added": {}}]	23	7
57	2026-02-23 17:49:05.730256+00	9	Samsung	3		23	7
58	2026-02-23 17:50:17.602609+00	10	Smartphone -> Samsung	1	[{"added": {}}]	23	7
59	2026-02-23 17:58:15.202693+00	10	Smartphone -> Samsung	3		23	7
60	2026-02-23 17:59:10.549192+00	2	Smart Phone	2	[{"changed": {"fields": ["Name"]}}]	23	7
61	2026-02-23 18:01:44.116233+00	11	Smart Phone -> Samsung	1	[{"added": {}}]	23	7
62	2026-02-23 18:05:58.013893+00	12	Smart Phone -> OnePlus	1	[{"added": {}}]	23	7
63	2026-02-24 13:10:02.560999+00	12	Smart Phone -> OnePlus	3		23	1
64	2026-02-24 13:10:02.561041+00	11	Smart Phone -> Samsung	3		23	1
65	2026-02-24 15:01:00.591995+00	8	Adapter	2	[{"changed": {"fields": ["Logo"]}}]	23	7
66	2026-02-24 15:02:03.973872+00	8	Adapter	2	[{"changed": {"fields": ["Logo"]}}]	23	1
67	2026-02-24 15:02:58.328613+00	8	Adapter	2	[{"changed": {"fields": ["Logo"]}}]	23	7
68	2026-02-24 15:04:13.200047+00	6	Headphone	2	[{"changed": {"fields": ["Logo"]}}]	23	1
69	2026-02-24 15:11:26.672466+00	4	Excessorise	2	[{"changed": {"fields": ["Logo"]}}]	23	7
70	2026-02-24 15:15:54.318334+00	2	Smart Phone	2	[{"changed": {"fields": ["Logo"]}}]	23	1
71	2026-02-24 15:16:34.177058+00	2	Smart Phone	2	[{"changed": {"fields": ["Logo"]}}]	23	7
72	2026-02-24 15:17:43.697003+00	2	Galaxy A17 5G [6/128] (SS721094)	2	[]	24	1
73	2026-02-24 15:18:35.30824+00	2	Galaxy A17 5G [6/128] (SS721094)	2	[{"changed": {"fields": ["Category"]}}]	24	1
74	2026-02-24 15:18:53.745821+00	2	Galaxy A17 5G [6/128] (SS721094)	2	[{"changed": {"fields": ["Category"]}}]	24	1
75	2026-02-24 15:19:22.461539+00	2	Smart Phones	2	[{"changed": {"fields": ["Name"]}}]	23	1
76	2026-02-24 15:23:25.277053+00	5	Order #5 - Dr. Python	3		20	1
77	2026-02-24 15:23:25.277088+00	4	Order #4 - Nilesh Sarker	3		20	1
78	2026-02-24 15:23:25.277102+00	3	Order #3 - Nilesh Sarker	3		20	1
79	2026-02-24 15:23:25.277113+00	2	Order #2 - Somir Chandra Dash	3		20	1
80	2026-02-24 15:23:37.130041+00	2	Smart Phones	3		23	1
81	2026-02-24 15:24:10.004881+00	13	Smart Phones	1	[{"added": {}}]	23	1
82	2026-02-24 15:24:59.977222+00	3	Prime Investments Limited (SS842180)	1	[{"added": {}}]	24	1
83	2026-02-24 16:47:44.93195+00	4	Oneplus	2	[{"changed": {"fields": ["Logo"]}}]	22	7
84	2026-02-24 16:48:34.023458+00	3	Amazfit	2	[{"changed": {"fields": ["Logo"]}}]	22	7
85	2026-02-24 16:54:17.333622+00	9	Realme	2	[{"changed": {"fields": ["Logo"]}}]	22	7
86	2026-02-24 16:57:44.49134+00	11	Infinix	1	[{"added": {}}]	22	7
87	2026-02-24 17:00:31.729448+00	12	oppo	1	[{"added": {}}]	22	7
88	2026-02-24 17:00:52.938617+00	12	Oppo	2	[{"changed": {"fields": ["Name"]}}]	22	7
89	2026-02-24 17:03:50.479405+00	13	Coolpad	1	[{"added": {}}]	22	7
90	2026-02-24 17:06:23.146936+00	14	Anker	1	[{"added": {}}]	22	7
91	2026-02-24 17:08:14.365345+00	15	Gear up	1	[{"added": {}}]	22	7
92	2026-02-24 17:08:37.162575+00	15	Gearup	2	[{"changed": {"fields": ["Name"]}}]	22	7
93	2026-02-24 17:10:45.379959+00	16	Haylou	1	[{"added": {}}]	22	7
\.


--
-- Data for Name: django_celery_results_chordcounter; Type: TABLE DATA; Schema: public; Owner: sarker_prod_user
--

COPY public.django_celery_results_chordcounter (id, group_id, sub_tasks, count) FROM stdin;
\.


--
-- Data for Name: django_celery_results_groupresult; Type: TABLE DATA; Schema: public; Owner: sarker_prod_user
--

COPY public.django_celery_results_groupresult (id, group_id, date_created, date_done, content_type, content_encoding, result) FROM stdin;
\.


--
-- Data for Name: django_celery_results_taskresult; Type: TABLE DATA; Schema: public; Owner: sarker_prod_user
--

COPY public.django_celery_results_taskresult (id, task_id, status, content_type, content_encoding, result, date_done, traceback, meta, task_args, task_kwargs, task_name, worker, date_created, periodic_task_name, date_started) FROM stdin;
\.


--
-- Data for Name: django_content_type; Type: TABLE DATA; Schema: public; Owner: sarker_prod_user
--

COPY public.django_content_type (id, app_label, model) FROM stdin;
1	admin	logentry
2	auth	permission
3	auth	group
4	auth	user
5	contenttypes	contenttype
6	sessions	session
7	sites	site
8	authtoken	token
9	authtoken	tokenproxy
10	accounts	customer
11	accounts	address
12	accounts	division
13	accounts	district
14	accounts	subdistrict
15	orders	orderstatus
16	orders	paymentinfo
17	orders	cart
18	orders	cartitem
19	orders	checkout
20	orders	order
21	orders	orderitem
22	products	brand
23	products	category
24	products	product
25	products	productimage
26	products	productspecification
27	products	productvariant
28	reviews	review
29	reviews	question
30	web	contactmessage
31	web	newslettersubscription
32	account	emailaddress
33	account	emailconfirmation
34	socialaccount	socialaccount
35	socialaccount	socialapp
36	socialaccount	socialtoken
37	django_celery_results	taskresult
38	django_celery_results	chordcounter
39	django_celery_results	groupresult
\.


--
-- Data for Name: django_migrations; Type: TABLE DATA; Schema: public; Owner: sarker_prod_user
--

COPY public.django_migrations (id, app, name, applied) FROM stdin;
1	contenttypes	0001_initial	2026-02-21 12:33:33.381007+00
2	auth	0001_initial	2026-02-21 12:33:33.441158+00
3	account	0001_initial	2026-02-21 12:33:33.467426+00
4	account	0002_email_max_length	2026-02-21 12:33:33.474601+00
5	account	0003_alter_emailaddress_create_unique_verified_email	2026-02-21 12:33:33.484544+00
6	account	0004_alter_emailaddress_drop_unique_email	2026-02-21 12:33:33.495578+00
7	account	0005_emailaddress_idx_upper_email	2026-02-21 12:33:33.50446+00
8	account	0006_emailaddress_lower	2026-02-21 12:33:33.51149+00
9	account	0007_emailaddress_idx_email	2026-02-21 12:33:33.52414+00
10	account	0008_emailaddress_unique_primary_email_fixup	2026-02-21 12:33:33.531761+00
11	account	0009_emailaddress_unique_primary_email	2026-02-21 12:33:33.5389+00
12	accounts	0001_initial	2026-02-21 12:33:33.568189+00
13	accounts	0002_unique_user_email_index	2026-02-21 12:33:33.571931+00
14	accounts	0003_alter_customer_email	2026-02-21 12:33:33.582978+00
15	accounts	0004_division_district_subdistrict	2026-02-21 12:33:33.611835+00
16	accounts	0005_division_lat_division_long	2026-02-21 12:33:33.616868+00
17	accounts	0006_district_lat_district_long	2026-02-21 12:33:33.622272+00
18	accounts	0007_alter_address_district_alter_address_division_and_more	2026-02-21 12:33:33.676179+00
19	accounts	0008_alter_address_district_alter_address_sub_district	2026-02-21 12:33:33.704649+00
20	accounts	0009_customer_avatar	2026-02-21 12:33:33.713015+00
21	accounts	0010_customer_social_avatar_url	2026-02-21 12:33:33.718993+00
22	accounts	0011_customer_is_email_verified	2026-02-21 12:33:33.725354+00
23	admin	0001_initial	2026-02-21 12:33:33.741585+00
24	admin	0002_logentry_remove_auto_add	2026-02-21 12:33:33.747321+00
25	admin	0003_logentry_add_action_flag_choices	2026-02-21 12:33:33.752843+00
26	contenttypes	0002_remove_content_type_name	2026-02-21 12:33:33.763963+00
27	auth	0002_alter_permission_name_max_length	2026-02-21 12:33:33.770935+00
28	auth	0003_alter_user_email_max_length	2026-02-21 12:33:33.777076+00
29	auth	0004_alter_user_username_opts	2026-02-21 12:33:33.781918+00
30	auth	0005_alter_user_last_login_null	2026-02-21 12:33:33.797198+00
31	auth	0006_require_contenttypes_0002	2026-02-21 12:33:33.798547+00
32	auth	0007_alter_validators_add_error_messages	2026-02-21 12:33:33.804851+00
33	auth	0008_alter_user_username_max_length	2026-02-21 12:33:33.817457+00
34	auth	0009_alter_user_last_name_max_length	2026-02-21 12:33:33.826282+00
35	auth	0010_alter_group_name_max_length	2026-02-21 12:33:33.839291+00
36	auth	0011_update_proxy_permissions	2026-02-21 12:33:33.848038+00
37	auth	0012_alter_user_first_name_max_length	2026-02-21 12:33:33.853962+00
38	authtoken	0001_initial	2026-02-21 12:33:33.868746+00
39	authtoken	0002_auto_20160226_1747	2026-02-21 12:33:33.892553+00
40	authtoken	0003_tokenproxy	2026-02-21 12:33:33.894566+00
41	authtoken	0004_alter_tokenproxy_options	2026-02-21 12:33:33.897668+00
42	django_celery_results	0001_initial	2026-02-21 12:33:33.908635+00
43	django_celery_results	0002_add_task_name_args_kwargs	2026-02-21 12:33:33.913949+00
44	django_celery_results	0003_auto_20181106_1101	2026-02-21 12:33:33.915974+00
45	django_celery_results	0004_auto_20190516_0412	2026-02-21 12:33:33.941574+00
46	django_celery_results	0005_taskresult_worker	2026-02-21 12:33:33.949012+00
47	django_celery_results	0006_taskresult_date_created	2026-02-21 12:33:33.963476+00
48	django_celery_results	0007_remove_taskresult_hidden	2026-02-21 12:33:33.966812+00
49	django_celery_results	0008_chordcounter	2026-02-21 12:33:33.976667+00
50	django_celery_results	0009_groupresult	2026-02-21 12:33:34.030148+00
51	django_celery_results	0010_remove_duplicate_indices	2026-02-21 12:33:34.034444+00
52	django_celery_results	0011_taskresult_periodic_task_name	2026-02-21 12:33:34.036993+00
53	django_celery_results	0012_taskresult_date_started	2026-02-21 12:33:34.03944+00
54	django_celery_results	0013_taskresult_django_cele_periodi_1993cf_idx	2026-02-21 12:33:34.042882+00
55	django_celery_results	0014_alter_taskresult_status	2026-02-21 12:33:34.044616+00
56	products	0001_initial	2026-02-21 12:33:34.184232+00
57	products	0002_delete_review	2026-02-21 12:33:34.187981+00
58	products	0003_alter_productimage_options_and_more	2026-02-21 12:33:34.290105+00
59	orders	0001_initial	2026-02-21 12:33:34.385565+00
60	orders	0002_order_district_order_division_order_email_and_more	2026-02-21 12:33:34.466292+00
61	orders	0003_add_variant_refs	2026-02-21 12:33:34.507023+00
62	orders	0004_paymentinfo_paid_from	2026-02-21 12:33:34.512784+00
63	orders	0005_alter_paymentinfo_paid_from	2026-02-21 12:33:34.516056+00
64	orders	0006_paymentinfo_amount	2026-02-21 12:33:34.520809+00
65	orders	0007_order_address_type	2026-02-21 12:33:34.530301+00
66	products	0004_product_price	2026-02-21 12:33:34.535684+00
67	products	0005_update_product_sku_simple_format	2026-02-21 12:33:34.559962+00
68	products	0006_product_questions_count	2026-02-21 12:33:34.572074+00
69	products	0007_product_discount_price_product_stock_quantity_and_more	2026-02-21 12:33:34.615189+00
70	reviews	0001_initial	2026-02-21 12:33:34.651961+00
71	reviews	0002_question	2026-02-21 12:33:34.677764+00
72	sessions	0001_initial	2026-02-21 12:33:34.689775+00
73	sites	0001_initial	2026-02-21 12:33:34.694876+00
74	sites	0002_alter_domain_unique	2026-02-21 12:33:34.701555+00
75	socialaccount	0001_initial	2026-02-21 12:33:34.788385+00
76	socialaccount	0002_token_max_lengths	2026-02-21 12:33:34.805405+00
77	socialaccount	0003_extra_data_default_dict	2026-02-21 12:33:34.812463+00
78	socialaccount	0004_app_provider_id_settings	2026-02-21 12:33:34.826905+00
79	socialaccount	0005_socialtoken_nullable_app	2026-02-21 12:33:34.850067+00
80	socialaccount	0006_alter_socialaccount_extra_data	2026-02-21 12:33:34.870209+00
81	web	0001_initial	2026-02-21 12:33:34.889605+00
\.


--
-- Data for Name: django_session; Type: TABLE DATA; Schema: public; Owner: sarker_prod_user
--

COPY public.django_session (session_key, session_data, expire_date) FROM stdin;
8txg19uj0ea2wk3lr6sb0iqkxoglt3cd	.eJydUL1uhDAMfhfPCCVOQhK29jWqCplgDlRKKgi3nO7dL1AWtqqb5e_XfgCFELc5NbSlgec0BkpjnJtvTkPsVqg_HvA7Qw1rDCNNpwIKoAS1tBaFcE7LEpWuHLoCfpZ4HztesuQW423izN3G3UFKJyvjpVPeKqmMEF4beBZ_CZHCoC0tWtRO_yPks4DjymZbeWkOJsJl11L44nkHaJr2dXnWKA_OCa_l2-VX76fqYjXQOmQf37c99862vVDYKYleKDbM1FpFhltrSLFl18nOoNO5r_d9qDCfkDU6wPMFuIaC8w:1vvAsx:IZFi8yJdZM8cWae102bC2VCVQA0VXOTZyQaRZK78mWU	2026-03-11 09:08:47.74171+00
mn30ul645yo6cxnluyzin7as7r5s2l25	.eJxVjMsOwiAUBf-FtSG8Hy7d9xvIBS5SNZCUdmX8d9ukC92emTlvEmBba9gGLmHO5Eo4ufxuEdIT2wHyA9q909TbusyRHgo96aBTz_i6ne7fQYVR91qrFIEjYylaYZRiiNImUZRyRjldPBM62wgF0IKTWXqPRufi5c4Z5-TzBd6yN3o:1vtmD6:Wji54NmhdC7hNpg_xUsHe4mY5C-tehzEXlb-lJkKFnc	2026-03-07 12:35:48.098824+00
ukjmnvz822e1weu6m8ccy3yebkkk4n1x	.eJxVjMsOwiAUBf-FtSG8Hy7d9xvIBS5SNZCUdmX8d9ukC92emTlvEmBba9gGLmHO5Eo4ufxuEdIT2wHyA9q909TbusyRHgo96aBTz_i6ne7fQYVR91qrFIEjYylaYZRiiNImUZRyRjldPBM62wgF0IKTWXqPRufi5c4Z5-TzBd6yN3o:1vtmLH:vwoDpHQB4gBHIEQUQeqeLzNPh6Na_21WM4W1Y2fegow	2026-03-07 12:44:15.084516+00
qbty1y6k9kp8ugr865cq5t09ue0yibw4	.eJxVj0tuhDAQRO_Sa4T8wdhml1wjilDbtAcrBEfYZDOau8cQNuxa1fVKVU9A79O-lhH3MtNaoscS0zp-U5nTlGH4eML_DQPk5CMuFwENYIGBay1Yx1kvWsaVFEo18LOl3zjRVpFHSo-FqnePRwLnhvfKciOtllwqxmyn4PXZwFlg3DNt4-kUcNMc-i9ajwcuyyG3V4329Fzv3L7dZrxf1C1qxjzXHBtcoGC0C0yKSXJhmSRFhE5LVOS0QkmazMQnJUxX-1obfC_qhMp0Hl5__Wdmog:1vvIpS:CRjCOVezWcHzCaR77wONtDV6LkEPJ6QdvpSPmaZHHNM	2026-03-11 17:37:42.059146+00
yimf6ci67b9n52cymkdt5z7xa57fc977	e30:1vtrYa:jD7w-6V86z5jHjQ8CWW8fiDDCBHaPX8520fxm0lC6Mk	2026-03-07 18:18:20.038867+00
ntps9eylkn3z0x76vosro76my4pfzgoi	.eJy1kktqwzAQhu-itREaaTSTya69RilGkZRY1LWLH9mE3L12agrZlYJBCzH_45NgbirE2M_dVF_zUM4lpzp_htKqYze3bfWrhnlqcjeVGKbSd_Vnnpo-jer4dlM_d3VUYx9LaLeEWrKTOgIzsGFwRouQBfKV-hr6a0l5WCKXvr-0efHOZW0AMOhRhAkRnKBDMaTu1R8hiJrg4I3F_SDWkWZD1pPsBhH2oJ0BcMR7QcCAEQ1WCOx-DBTWaMX95xvvlXqsXT2PeagfTlRPs1OIH7lbhdC261hvj9APzyaP-uVpeV-31FNVE8Zm6bGOMUr05IU5YcCzJJeT5RQd0cFHJmLhDGJOOWc8JImEsh5xwTl1_waEBf2y:1vtupl:qRxVGJSXI0ZrJKibWS7X0lqnmG1HZzd2869ms6ZeMpI	2026-03-07 21:48:17.438533+00
53swor016tp8rd2hyr6wnfswh079vy9j	.eJxVjMsOwiAUBf-FtSG8Hy7d9xvIBS5SNZCUdmX8d9ukC92emTlvEmBba9gGLmHO5Eo4ufxuEdIT2wHyA9q909TbusyRHgo96aBTz_i6ne7fQYVR91qrFIEjYylaYZRiiNImUZRyRjldPBM62wgF0IKTWXqPRufi5c4Z5-TzBd6yN3o:1vu0D9:rITakk8Oh7CndsAtC2oL1zqjXZ1GPFZq1-9GS0HjzY8	2026-03-08 03:32:47.651324+00
sg0t2d0t8gre41l3mby29gyu7q2sahup	e30:1vu6VT:OcUZWqjv7k0wA3xRn43EV94k-Bf1NAyb1SC3ZXj6teY	2026-03-08 10:16:07.672883+00
8znbd44sio0evey4liwgyy0i3dcd03no	.eJxVjEEOwiAQRe_C2hBIsQwu3XsGMsMMUjWQlHbVeHdt0oVu_3vvbyriupS4dpnjxOqivDr9boTpKXUH_MB6bzq1uswT6V3RB-361lhe18P9OyjYy7cWBpPBORzPTD4nwEDeD2JGTFnYi4Cz5AQhDJaAg3EkmIyQ8QmzVe8PFYQ5XQ:1vuXww:mMKSisGRMHoe81aTz-AUcNnG717Tuv2Eh0jyRvNSYvg	2026-03-09 15:34:18.197503+00
vbiss51l9cheh0p6g5cxl7914mlcr85e	.eJxVjMsOwiAUBf-FtSG8Hy7d9xvIBS5SNZCUdmX8d9ukC92emTlvEmBba9gGLmHO5Eo4ufxuEdIT2wHyA9q909TbusyRHgo96aBTz_i6ne7fQYVR91qrFIEjYylaYZRiiNImUZRyRjldPBM62wgF0IKTWXqPRufi5c4Z5-TzBd6yN3o:1vus9U:nl2zR42jla2Phjga57LqVOUiAmr5h5aXRP3cclCfFPE	2026-03-10 13:08:36.224862+00
ga89l1ai3dl0nvenq8v6rx3gscrpdk67	e30:1vvAMR:mKOT7aFq1zAwivPM8aTrBZ_oH_lWYs-aDeiQ-n3DSLE	2026-03-11 08:35:11.626268+00
\.


--
-- Data for Name: django_site; Type: TABLE DATA; Schema: public; Owner: sarker_prod_user
--

COPY public.django_site (id, domain, name) FROM stdin;
1	example.com	example.com
\.


--
-- Data for Name: orders_cart; Type: TABLE DATA; Schema: public; Owner: sarker_prod_user
--

COPY public.orders_cart (id, session_key, created_at, updated_at, user_id) FROM stdin;
1	yimf6ci67b9n52cymkdt5z7xa57fc977	2026-02-21 18:18:20.018591+00	2026-02-21 18:18:20.018611+00	\N
2	\N	2026-02-21 20:32:28.71824+00	2026-02-21 20:32:28.718257+00	2
3	\N	2026-02-21 20:33:48.546748+00	2026-02-21 20:33:48.546761+00	3
4	\N	2026-02-21 20:52:11.067292+00	2026-02-21 20:52:11.067308+00	4
5	\N	2026-02-22 03:39:18.142489+00	2026-02-22 03:39:18.142503+00	7
6	sg0t2d0t8gre41l3mby29gyu7q2sahup	2026-02-22 10:16:07.65793+00	2026-02-22 10:16:07.657939+00	\N
7	\N	2026-02-22 10:20:25.532529+00	2026-02-22 10:20:25.532543+00	8
8	ga89l1ai3dl0nvenq8v6rx3gscrpdk67	2026-02-25 08:35:11.59859+00	2026-02-25 08:35:11.598609+00	\N
9	wg817tzq2sl66khyj7l7rrzv812rri6s	2026-02-25 08:40:24.557009+00	2026-02-25 08:40:24.557027+00	\N
\.


--
-- Data for Name: orders_cartitem; Type: TABLE DATA; Schema: public; Owner: sarker_prod_user
--

COPY public.orders_cartitem (id, quantity, cart_id, product_id, variant_id) FROM stdin;
11	1	8	3	\N
12	1	9	3	\N
\.


--
-- Data for Name: orders_checkout; Type: TABLE DATA; Schema: public; Owner: sarker_prod_user
--

COPY public.orders_checkout (id, email, created_at, billing_address_id, cart_id, shipping_address_id) FROM stdin;
\.


--
-- Data for Name: orders_order; Type: TABLE DATA; Schema: public; Owner: sarker_prod_user
--

COPY public.orders_order (id, total_amount, created_at, updated_at, address_id, customer_id, order_status_id, payment_info_id, district, division, email, full_name, phone, shipping_address, sub_district, address_type) FROM stdin;
\.


--
-- Data for Name: orders_orderitem; Type: TABLE DATA; Schema: public; Owner: sarker_prod_user
--

COPY public.orders_orderitem (id, quantity, price, order_id, product_id, variant_id) FROM stdin;
\.


--
-- Data for Name: orders_orderstatus; Type: TABLE DATA; Schema: public; Owner: sarker_prod_user
--

COPY public.orders_orderstatus (id, status_code, display_name, description) FROM stdin;
1	pending	Pending	\N
2	delivered	Delivered	
3	shipped	Shipped	
4	confirmed	Confirmed	
5	cancelled	Cancelled	
6	returned	Returned	
\.


--
-- Data for Name: orders_paymentinfo; Type: TABLE DATA; Schema: public; Owner: sarker_prod_user
--

COPY public.orders_paymentinfo (id, transaction_id, is_paid, payment_method, payment_date, created_at, paid_from, amount) FROM stdin;
1	TESTID1	f	cod	2026-02-21 20:39:12.836438+00	2026-02-21 20:39:12.836634+00	01781355377	120.00
2	123	t	cod	2026-02-21 21:36:24+00	2026-02-21 21:36:24.610437+00	123	120.00
3	Gk9644	f	cod	2026-02-22 10:09:13.640998+00	2026-02-22 10:09:13.643678+00	01708601002	120.00
4	Gk9644	f	bkash	2026-02-22 10:17:51.427553+00	2026-02-22 10:17:51.42772+00	01708601002	0.00
5	Uth	f	cod	2026-02-23 15:19:17.982439+00	2026-02-23 15:19:17.982584+00	156	120.00
\.


--
-- Data for Name: products_brand; Type: TABLE DATA; Schema: public; Owner: sarker_prod_user
--

COPY public.products_brand (id, name, slug, logo) FROM stdin;
2	Xiaomi	xiaomi	brands/174823045626.webp
5	Imiki	imiki	brands/173502985895.webp
6	Oraimo	oraimo	brands/171699521976.webp
7	Foneng	foneng	brands/17350287887.webp
8	Samsung	samsung	brands/samsung-logo.png
10	VIVO	vivo	brands/1000004495.png
4	Oneplus	oneplus	brands/1000004503.png
3	Amazfit	amazfit	brands/1000005364.png
9	Realme	realme	brands/1000046363.png
11	Infinix	infinix	brands/1000046365.png
12	Oppo	oppo	brands/1000046367.png
13	Coolpad	coolpad	brands/1000046369.png
14	Anker	anker	brands/1000010341.png
15	Gearup	gear-up	brands/1000006504.png
16	Haylou	haylou	brands/1000005133.png
\.


--
-- Data for Name: products_category; Type: TABLE DATA; Schema: public; Owner: sarker_prod_user
--

COPY public.products_category (id, name, slug, logo, parent_id) FROM stdin;
3	Smart Watch	smart-watch	categories/4684.png	\N
5	Charger	charger	categories/1000046205.png	\N
7	Cable	cable	categories/1000046208.png	\N
8	Adapter	adapter	categories/1000046356.png	\N
6	Headphone	headphone	categories/headphone.png	\N
4	Excessorise	excessorise	categories/1000046358.png	\N
13	Smart Phones	smart-phones	categories/smartphone_AeLa0jn.png	\N
\.


--
-- Data for Name: products_product; Type: TABLE DATA; Schema: public; Owner: sarker_prod_user
--

COPY public.products_product (id, name, slug, product_id, sku, is_active, is_featured, is_bestseller, image, short_description, description, rating, reviews_count, created_at, updated_at, brand_id, category_id, product_type, price, questions_count, discount_price, stock_quantity, wholesale_price) FROM stdin;
3	Prime Investments Limited	prime-investments-limited	SS842180	SS842180	t	f	f				0	0	2026-02-24 15:24:59.971907+00	2026-02-24 15:24:59.971928+00	4	13	simple	1222.00	0	386.00	12	145.00
\.


--
-- Data for Name: products_product_related_products; Type: TABLE DATA; Schema: public; Owner: sarker_prod_user
--

COPY public.products_product_related_products (id, from_product_id, to_product_id) FROM stdin;
\.


--
-- Data for Name: products_productimage; Type: TABLE DATA; Schema: public; Owner: sarker_prod_user
--

COPY public.products_productimage (id, image, product_id, alt_text, is_primary, "order") FROM stdin;
\.


--
-- Data for Name: products_productspecification; Type: TABLE DATA; Schema: public; Owner: sarker_prod_user
--

COPY public.products_productspecification (id, key, value, product_id) FROM stdin;
\.


--
-- Data for Name: products_productvariant; Type: TABLE DATA; Schema: public; Owner: sarker_prod_user
--

COPY public.products_productvariant (id, sku, price, stock_quantity, product_id, color, discount_price, is_active, ram, storage, wholesale_price) FROM stdin;
\.


--
-- Data for Name: reviews_question; Type: TABLE DATA; Schema: public; Owner: sarker_prod_user
--

COPY public.reviews_question (id, question, answer, created_at, updated_at, customer_id, product_id) FROM stdin;
\.


--
-- Data for Name: reviews_review; Type: TABLE DATA; Schema: public; Owner: sarker_prod_user
--

COPY public.reviews_review (id, rating, comment, created_at, customer_id, product_id) FROM stdin;
\.


--
-- Data for Name: socialaccount_socialaccount; Type: TABLE DATA; Schema: public; Owner: sarker_prod_user
--

COPY public.socialaccount_socialaccount (id, provider, uid, last_login, date_joined, extra_data, user_id) FROM stdin;
2	google	102944625699594647559	2026-02-24 01:04:40.836481+00	2026-02-21 20:33:48.458231+00	{"id": "102944625699594647559", "name": "Dr. Python", "email": "tamppic@gmail.com", "picture": "https://lh3.googleusercontent.com/a/ACg8ocKYIJCZwJIYEqGRaavxpIRT27fkqfpEj1fgQ1ZY_i5lssPRx-z_=s96-c", "given_name": "Dr.", "family_name": "Python", "verified_email": true}	3
1	google	118165918397313500945	2026-02-25 17:37:41.991903+00	2026-02-21 20:32:28.594329+00	{"id": "118165918397313500945", "name": "Somir Chandra Dash", "email": "samircd4@gmail.com", "picture": "https://lh3.googleusercontent.com/a/ACg8ocKa34rlSGzLPAgREyGs218qvUO4nB3uJlWtUriR3fG5AFiulSDg=s96-c", "given_name": "Somir", "family_name": "Chandra Dash", "verified_email": true}	2
3	google	110454997644139434906	2026-02-21 21:48:17.42287+00	2026-02-21 20:52:10.989727+00	{"id": "110454997644139434906", "name": "Im Jesual", "email": "imjesual@gmail.com", "picture": "https://lh3.googleusercontent.com/a/ACg8ocKHvndV-WnA6k5VOXYWZSxY_3FUDWsfrzbi9z6HERiq4iMDN-HA=s96-c", "given_name": "Im", "family_name": "Jesual", "verified_email": true}	4
\.


--
-- Data for Name: socialaccount_socialapp; Type: TABLE DATA; Schema: public; Owner: sarker_prod_user
--

COPY public.socialaccount_socialapp (id, provider, name, client_id, secret, key, provider_id, settings) FROM stdin;
\.


--
-- Data for Name: socialaccount_socialapp_sites; Type: TABLE DATA; Schema: public; Owner: sarker_prod_user
--

COPY public.socialaccount_socialapp_sites (id, socialapp_id, site_id) FROM stdin;
\.


--
-- Data for Name: socialaccount_socialtoken; Type: TABLE DATA; Schema: public; Owner: sarker_prod_user
--

COPY public.socialaccount_socialtoken (id, token, token_secret, expires_at, account_id, app_id) FROM stdin;
\.


--
-- Data for Name: web_contactmessage; Type: TABLE DATA; Schema: public; Owner: sarker_prod_user
--

COPY public.web_contactmessage (id, name, email, subject, message, created_at) FROM stdin;
\.


--
-- Data for Name: web_newslettersubscription; Type: TABLE DATA; Schema: public; Owner: sarker_prod_user
--

COPY public.web_newslettersubscription (id, email, subscribed_at, is_active) FROM stdin;
\.


--
-- Name: account_emailaddress_id_seq; Type: SEQUENCE SET; Schema: public; Owner: sarker_prod_user
--

SELECT pg_catalog.setval('public.account_emailaddress_id_seq', 4, true);


--
-- Name: account_emailconfirmation_id_seq; Type: SEQUENCE SET; Schema: public; Owner: sarker_prod_user
--

SELECT pg_catalog.setval('public.account_emailconfirmation_id_seq', 1, false);


--
-- Name: accounts_address_id_seq; Type: SEQUENCE SET; Schema: public; Owner: sarker_prod_user
--

SELECT pg_catalog.setval('public.accounts_address_id_seq', 3, true);


--
-- Name: accounts_customer_id_seq; Type: SEQUENCE SET; Schema: public; Owner: sarker_prod_user
--

SELECT pg_catalog.setval('public.accounts_customer_id_seq', 10, true);


--
-- Name: accounts_district_id_seq; Type: SEQUENCE SET; Schema: public; Owner: sarker_prod_user
--

SELECT pg_catalog.setval('public.accounts_district_id_seq', 64, true);


--
-- Name: accounts_division_id_seq; Type: SEQUENCE SET; Schema: public; Owner: sarker_prod_user
--

SELECT pg_catalog.setval('public.accounts_division_id_seq', 8, true);


--
-- Name: accounts_subdistrict_id_seq; Type: SEQUENCE SET; Schema: public; Owner: sarker_prod_user
--

SELECT pg_catalog.setval('public.accounts_subdistrict_id_seq', 494, true);


--
-- Name: auth_group_id_seq; Type: SEQUENCE SET; Schema: public; Owner: sarker_prod_user
--

SELECT pg_catalog.setval('public.auth_group_id_seq', 1, false);


--
-- Name: auth_group_permissions_id_seq; Type: SEQUENCE SET; Schema: public; Owner: sarker_prod_user
--

SELECT pg_catalog.setval('public.auth_group_permissions_id_seq', 1, false);


--
-- Name: auth_permission_id_seq; Type: SEQUENCE SET; Schema: public; Owner: sarker_prod_user
--

SELECT pg_catalog.setval('public.auth_permission_id_seq', 156, true);


--
-- Name: auth_user_groups_id_seq; Type: SEQUENCE SET; Schema: public; Owner: sarker_prod_user
--

SELECT pg_catalog.setval('public.auth_user_groups_id_seq', 1, false);


--
-- Name: auth_user_id_seq; Type: SEQUENCE SET; Schema: public; Owner: sarker_prod_user
--

SELECT pg_catalog.setval('public.auth_user_id_seq', 8, true);


--
-- Name: auth_user_user_permissions_id_seq; Type: SEQUENCE SET; Schema: public; Owner: sarker_prod_user
--

SELECT pg_catalog.setval('public.auth_user_user_permissions_id_seq', 1, false);


--
-- Name: django_admin_log_id_seq; Type: SEQUENCE SET; Schema: public; Owner: sarker_prod_user
--

SELECT pg_catalog.setval('public.django_admin_log_id_seq', 93, true);


--
-- Name: django_celery_results_chordcounter_id_seq; Type: SEQUENCE SET; Schema: public; Owner: sarker_prod_user
--

SELECT pg_catalog.setval('public.django_celery_results_chordcounter_id_seq', 1, false);


--
-- Name: django_celery_results_groupresult_id_seq; Type: SEQUENCE SET; Schema: public; Owner: sarker_prod_user
--

SELECT pg_catalog.setval('public.django_celery_results_groupresult_id_seq', 1, false);


--
-- Name: django_celery_results_taskresult_id_seq; Type: SEQUENCE SET; Schema: public; Owner: sarker_prod_user
--

SELECT pg_catalog.setval('public.django_celery_results_taskresult_id_seq', 1, false);


--
-- Name: django_content_type_id_seq; Type: SEQUENCE SET; Schema: public; Owner: sarker_prod_user
--

SELECT pg_catalog.setval('public.django_content_type_id_seq', 39, true);


--
-- Name: django_migrations_id_seq; Type: SEQUENCE SET; Schema: public; Owner: sarker_prod_user
--

SELECT pg_catalog.setval('public.django_migrations_id_seq', 81, true);


--
-- Name: django_site_id_seq; Type: SEQUENCE SET; Schema: public; Owner: sarker_prod_user
--

SELECT pg_catalog.setval('public.django_site_id_seq', 1, true);


--
-- Name: orders_cart_id_seq; Type: SEQUENCE SET; Schema: public; Owner: sarker_prod_user
--

SELECT pg_catalog.setval('public.orders_cart_id_seq', 9, true);


--
-- Name: orders_cartitem_id_seq; Type: SEQUENCE SET; Schema: public; Owner: sarker_prod_user
--

SELECT pg_catalog.setval('public.orders_cartitem_id_seq', 13, true);


--
-- Name: orders_checkout_id_seq; Type: SEQUENCE SET; Schema: public; Owner: sarker_prod_user
--

SELECT pg_catalog.setval('public.orders_checkout_id_seq', 1, false);


--
-- Name: orders_order_id_seq; Type: SEQUENCE SET; Schema: public; Owner: sarker_prod_user
--

SELECT pg_catalog.setval('public.orders_order_id_seq', 5, true);


--
-- Name: orders_orderitem_id_seq; Type: SEQUENCE SET; Schema: public; Owner: sarker_prod_user
--

SELECT pg_catalog.setval('public.orders_orderitem_id_seq', 5, true);


--
-- Name: orders_orderstatus_id_seq; Type: SEQUENCE SET; Schema: public; Owner: sarker_prod_user
--

SELECT pg_catalog.setval('public.orders_orderstatus_id_seq', 6, true);


--
-- Name: orders_paymentinfo_id_seq; Type: SEQUENCE SET; Schema: public; Owner: sarker_prod_user
--

SELECT pg_catalog.setval('public.orders_paymentinfo_id_seq', 5, true);


--
-- Name: products_brand_id_seq; Type: SEQUENCE SET; Schema: public; Owner: sarker_prod_user
--

SELECT pg_catalog.setval('public.products_brand_id_seq', 16, true);


--
-- Name: products_category_id_seq; Type: SEQUENCE SET; Schema: public; Owner: sarker_prod_user
--

SELECT pg_catalog.setval('public.products_category_id_seq', 13, true);


--
-- Name: products_product_id_seq; Type: SEQUENCE SET; Schema: public; Owner: sarker_prod_user
--

SELECT pg_catalog.setval('public.products_product_id_seq', 3, true);


--
-- Name: products_product_related_products_id_seq; Type: SEQUENCE SET; Schema: public; Owner: sarker_prod_user
--

SELECT pg_catalog.setval('public.products_product_related_products_id_seq', 1, false);


--
-- Name: products_productimage_id_seq; Type: SEQUENCE SET; Schema: public; Owner: sarker_prod_user
--

SELECT pg_catalog.setval('public.products_productimage_id_seq', 6, true);


--
-- Name: products_productspecification_id_seq; Type: SEQUENCE SET; Schema: public; Owner: sarker_prod_user
--

SELECT pg_catalog.setval('public.products_productspecification_id_seq', 15, true);


--
-- Name: products_productvariant_id_seq; Type: SEQUENCE SET; Schema: public; Owner: sarker_prod_user
--

SELECT pg_catalog.setval('public.products_productvariant_id_seq', 1, false);


--
-- Name: reviews_question_id_seq; Type: SEQUENCE SET; Schema: public; Owner: sarker_prod_user
--

SELECT pg_catalog.setval('public.reviews_question_id_seq', 1, false);


--
-- Name: reviews_review_id_seq; Type: SEQUENCE SET; Schema: public; Owner: sarker_prod_user
--

SELECT pg_catalog.setval('public.reviews_review_id_seq', 3, true);


--
-- Name: socialaccount_socialaccount_id_seq; Type: SEQUENCE SET; Schema: public; Owner: sarker_prod_user
--

SELECT pg_catalog.setval('public.socialaccount_socialaccount_id_seq', 3, true);


--
-- Name: socialaccount_socialapp_id_seq; Type: SEQUENCE SET; Schema: public; Owner: sarker_prod_user
--

SELECT pg_catalog.setval('public.socialaccount_socialapp_id_seq', 1, false);


--
-- Name: socialaccount_socialapp_sites_id_seq; Type: SEQUENCE SET; Schema: public; Owner: sarker_prod_user
--

SELECT pg_catalog.setval('public.socialaccount_socialapp_sites_id_seq', 1, false);


--
-- Name: socialaccount_socialtoken_id_seq; Type: SEQUENCE SET; Schema: public; Owner: sarker_prod_user
--

SELECT pg_catalog.setval('public.socialaccount_socialtoken_id_seq', 1, false);


--
-- Name: web_contactmessage_id_seq; Type: SEQUENCE SET; Schema: public; Owner: sarker_prod_user
--

SELECT pg_catalog.setval('public.web_contactmessage_id_seq', 1, false);


--
-- Name: web_newslettersubscription_id_seq; Type: SEQUENCE SET; Schema: public; Owner: sarker_prod_user
--

SELECT pg_catalog.setval('public.web_newslettersubscription_id_seq', 1, false);


--
-- Name: account_emailaddress account_emailaddress_pkey; Type: CONSTRAINT; Schema: public; Owner: sarker_prod_user
--

ALTER TABLE ONLY public.account_emailaddress
    ADD CONSTRAINT account_emailaddress_pkey PRIMARY KEY (id);


--
-- Name: account_emailaddress account_emailaddress_user_id_email_987c8728_uniq; Type: CONSTRAINT; Schema: public; Owner: sarker_prod_user
--

ALTER TABLE ONLY public.account_emailaddress
    ADD CONSTRAINT account_emailaddress_user_id_email_987c8728_uniq UNIQUE (user_id, email);


--
-- Name: account_emailconfirmation account_emailconfirmation_key_key; Type: CONSTRAINT; Schema: public; Owner: sarker_prod_user
--

ALTER TABLE ONLY public.account_emailconfirmation
    ADD CONSTRAINT account_emailconfirmation_key_key UNIQUE (key);


--
-- Name: account_emailconfirmation account_emailconfirmation_pkey; Type: CONSTRAINT; Schema: public; Owner: sarker_prod_user
--

ALTER TABLE ONLY public.account_emailconfirmation
    ADD CONSTRAINT account_emailconfirmation_pkey PRIMARY KEY (id);


--
-- Name: accounts_address accounts_address_pkey; Type: CONSTRAINT; Schema: public; Owner: sarker_prod_user
--

ALTER TABLE ONLY public.accounts_address
    ADD CONSTRAINT accounts_address_pkey PRIMARY KEY (id);


--
-- Name: accounts_customer accounts_customer_email_496ee6f7_uniq; Type: CONSTRAINT; Schema: public; Owner: sarker_prod_user
--

ALTER TABLE ONLY public.accounts_customer
    ADD CONSTRAINT accounts_customer_email_496ee6f7_uniq UNIQUE (email);


--
-- Name: accounts_customer accounts_customer_pkey; Type: CONSTRAINT; Schema: public; Owner: sarker_prod_user
--

ALTER TABLE ONLY public.accounts_customer
    ADD CONSTRAINT accounts_customer_pkey PRIMARY KEY (id);


--
-- Name: accounts_customer accounts_customer_user_id_key; Type: CONSTRAINT; Schema: public; Owner: sarker_prod_user
--

ALTER TABLE ONLY public.accounts_customer
    ADD CONSTRAINT accounts_customer_user_id_key UNIQUE (user_id);


--
-- Name: accounts_district accounts_district_pkey; Type: CONSTRAINT; Schema: public; Owner: sarker_prod_user
--

ALTER TABLE ONLY public.accounts_district
    ADD CONSTRAINT accounts_district_pkey PRIMARY KEY (id);


--
-- Name: accounts_division accounts_division_name_key; Type: CONSTRAINT; Schema: public; Owner: sarker_prod_user
--

ALTER TABLE ONLY public.accounts_division
    ADD CONSTRAINT accounts_division_name_key UNIQUE (name);


--
-- Name: accounts_division accounts_division_pkey; Type: CONSTRAINT; Schema: public; Owner: sarker_prod_user
--

ALTER TABLE ONLY public.accounts_division
    ADD CONSTRAINT accounts_division_pkey PRIMARY KEY (id);


--
-- Name: accounts_subdistrict accounts_subdistrict_pkey; Type: CONSTRAINT; Schema: public; Owner: sarker_prod_user
--

ALTER TABLE ONLY public.accounts_subdistrict
    ADD CONSTRAINT accounts_subdistrict_pkey PRIMARY KEY (id);


--
-- Name: auth_group auth_group_name_key; Type: CONSTRAINT; Schema: public; Owner: sarker_prod_user
--

ALTER TABLE ONLY public.auth_group
    ADD CONSTRAINT auth_group_name_key UNIQUE (name);


--
-- Name: auth_group_permissions auth_group_permissions_group_id_permission_id_0cd325b0_uniq; Type: CONSTRAINT; Schema: public; Owner: sarker_prod_user
--

ALTER TABLE ONLY public.auth_group_permissions
    ADD CONSTRAINT auth_group_permissions_group_id_permission_id_0cd325b0_uniq UNIQUE (group_id, permission_id);


--
-- Name: auth_group_permissions auth_group_permissions_pkey; Type: CONSTRAINT; Schema: public; Owner: sarker_prod_user
--

ALTER TABLE ONLY public.auth_group_permissions
    ADD CONSTRAINT auth_group_permissions_pkey PRIMARY KEY (id);


--
-- Name: auth_group auth_group_pkey; Type: CONSTRAINT; Schema: public; Owner: sarker_prod_user
--

ALTER TABLE ONLY public.auth_group
    ADD CONSTRAINT auth_group_pkey PRIMARY KEY (id);


--
-- Name: auth_permission auth_permission_content_type_id_codename_01ab375a_uniq; Type: CONSTRAINT; Schema: public; Owner: sarker_prod_user
--

ALTER TABLE ONLY public.auth_permission
    ADD CONSTRAINT auth_permission_content_type_id_codename_01ab375a_uniq UNIQUE (content_type_id, codename);


--
-- Name: auth_permission auth_permission_pkey; Type: CONSTRAINT; Schema: public; Owner: sarker_prod_user
--

ALTER TABLE ONLY public.auth_permission
    ADD CONSTRAINT auth_permission_pkey PRIMARY KEY (id);


--
-- Name: auth_user_groups auth_user_groups_pkey; Type: CONSTRAINT; Schema: public; Owner: sarker_prod_user
--

ALTER TABLE ONLY public.auth_user_groups
    ADD CONSTRAINT auth_user_groups_pkey PRIMARY KEY (id);


--
-- Name: auth_user_groups auth_user_groups_user_id_group_id_94350c0c_uniq; Type: CONSTRAINT; Schema: public; Owner: sarker_prod_user
--

ALTER TABLE ONLY public.auth_user_groups
    ADD CONSTRAINT auth_user_groups_user_id_group_id_94350c0c_uniq UNIQUE (user_id, group_id);


--
-- Name: auth_user auth_user_pkey; Type: CONSTRAINT; Schema: public; Owner: sarker_prod_user
--

ALTER TABLE ONLY public.auth_user
    ADD CONSTRAINT auth_user_pkey PRIMARY KEY (id);


--
-- Name: auth_user_user_permissions auth_user_user_permissions_pkey; Type: CONSTRAINT; Schema: public; Owner: sarker_prod_user
--

ALTER TABLE ONLY public.auth_user_user_permissions
    ADD CONSTRAINT auth_user_user_permissions_pkey PRIMARY KEY (id);


--
-- Name: auth_user_user_permissions auth_user_user_permissions_user_id_permission_id_14a6b632_uniq; Type: CONSTRAINT; Schema: public; Owner: sarker_prod_user
--

ALTER TABLE ONLY public.auth_user_user_permissions
    ADD CONSTRAINT auth_user_user_permissions_user_id_permission_id_14a6b632_uniq UNIQUE (user_id, permission_id);


--
-- Name: auth_user auth_user_username_key; Type: CONSTRAINT; Schema: public; Owner: sarker_prod_user
--

ALTER TABLE ONLY public.auth_user
    ADD CONSTRAINT auth_user_username_key UNIQUE (username);


--
-- Name: authtoken_token authtoken_token_pkey; Type: CONSTRAINT; Schema: public; Owner: sarker_prod_user
--

ALTER TABLE ONLY public.authtoken_token
    ADD CONSTRAINT authtoken_token_pkey PRIMARY KEY (key);


--
-- Name: authtoken_token authtoken_token_user_id_key; Type: CONSTRAINT; Schema: public; Owner: sarker_prod_user
--

ALTER TABLE ONLY public.authtoken_token
    ADD CONSTRAINT authtoken_token_user_id_key UNIQUE (user_id);


--
-- Name: django_admin_log django_admin_log_pkey; Type: CONSTRAINT; Schema: public; Owner: sarker_prod_user
--

ALTER TABLE ONLY public.django_admin_log
    ADD CONSTRAINT django_admin_log_pkey PRIMARY KEY (id);


--
-- Name: django_celery_results_chordcounter django_celery_results_chordcounter_group_id_key; Type: CONSTRAINT; Schema: public; Owner: sarker_prod_user
--

ALTER TABLE ONLY public.django_celery_results_chordcounter
    ADD CONSTRAINT django_celery_results_chordcounter_group_id_key UNIQUE (group_id);


--
-- Name: django_celery_results_chordcounter django_celery_results_chordcounter_pkey; Type: CONSTRAINT; Schema: public; Owner: sarker_prod_user
--

ALTER TABLE ONLY public.django_celery_results_chordcounter
    ADD CONSTRAINT django_celery_results_chordcounter_pkey PRIMARY KEY (id);


--
-- Name: django_celery_results_groupresult django_celery_results_groupresult_group_id_key; Type: CONSTRAINT; Schema: public; Owner: sarker_prod_user
--

ALTER TABLE ONLY public.django_celery_results_groupresult
    ADD CONSTRAINT django_celery_results_groupresult_group_id_key UNIQUE (group_id);


--
-- Name: django_celery_results_groupresult django_celery_results_groupresult_pkey; Type: CONSTRAINT; Schema: public; Owner: sarker_prod_user
--

ALTER TABLE ONLY public.django_celery_results_groupresult
    ADD CONSTRAINT django_celery_results_groupresult_pkey PRIMARY KEY (id);


--
-- Name: django_celery_results_taskresult django_celery_results_taskresult_pkey; Type: CONSTRAINT; Schema: public; Owner: sarker_prod_user
--

ALTER TABLE ONLY public.django_celery_results_taskresult
    ADD CONSTRAINT django_celery_results_taskresult_pkey PRIMARY KEY (id);


--
-- Name: django_celery_results_taskresult django_celery_results_taskresult_task_id_key; Type: CONSTRAINT; Schema: public; Owner: sarker_prod_user
--

ALTER TABLE ONLY public.django_celery_results_taskresult
    ADD CONSTRAINT django_celery_results_taskresult_task_id_key UNIQUE (task_id);


--
-- Name: django_content_type django_content_type_app_label_model_76bd3d3b_uniq; Type: CONSTRAINT; Schema: public; Owner: sarker_prod_user
--

ALTER TABLE ONLY public.django_content_type
    ADD CONSTRAINT django_content_type_app_label_model_76bd3d3b_uniq UNIQUE (app_label, model);


--
-- Name: django_content_type django_content_type_pkey; Type: CONSTRAINT; Schema: public; Owner: sarker_prod_user
--

ALTER TABLE ONLY public.django_content_type
    ADD CONSTRAINT django_content_type_pkey PRIMARY KEY (id);


--
-- Name: django_migrations django_migrations_pkey; Type: CONSTRAINT; Schema: public; Owner: sarker_prod_user
--

ALTER TABLE ONLY public.django_migrations
    ADD CONSTRAINT django_migrations_pkey PRIMARY KEY (id);


--
-- Name: django_session django_session_pkey; Type: CONSTRAINT; Schema: public; Owner: sarker_prod_user
--

ALTER TABLE ONLY public.django_session
    ADD CONSTRAINT django_session_pkey PRIMARY KEY (session_key);


--
-- Name: django_site django_site_domain_a2e37b91_uniq; Type: CONSTRAINT; Schema: public; Owner: sarker_prod_user
--

ALTER TABLE ONLY public.django_site
    ADD CONSTRAINT django_site_domain_a2e37b91_uniq UNIQUE (domain);


--
-- Name: django_site django_site_pkey; Type: CONSTRAINT; Schema: public; Owner: sarker_prod_user
--

ALTER TABLE ONLY public.django_site
    ADD CONSTRAINT django_site_pkey PRIMARY KEY (id);


--
-- Name: orders_cart orders_cart_pkey; Type: CONSTRAINT; Schema: public; Owner: sarker_prod_user
--

ALTER TABLE ONLY public.orders_cart
    ADD CONSTRAINT orders_cart_pkey PRIMARY KEY (id);


--
-- Name: orders_cart orders_cart_user_id_key; Type: CONSTRAINT; Schema: public; Owner: sarker_prod_user
--

ALTER TABLE ONLY public.orders_cart
    ADD CONSTRAINT orders_cart_user_id_key UNIQUE (user_id);


--
-- Name: orders_cartitem orders_cartitem_pkey; Type: CONSTRAINT; Schema: public; Owner: sarker_prod_user
--

ALTER TABLE ONLY public.orders_cartitem
    ADD CONSTRAINT orders_cartitem_pkey PRIMARY KEY (id);


--
-- Name: orders_checkout orders_checkout_cart_id_key; Type: CONSTRAINT; Schema: public; Owner: sarker_prod_user
--

ALTER TABLE ONLY public.orders_checkout
    ADD CONSTRAINT orders_checkout_cart_id_key UNIQUE (cart_id);


--
-- Name: orders_checkout orders_checkout_pkey; Type: CONSTRAINT; Schema: public; Owner: sarker_prod_user
--

ALTER TABLE ONLY public.orders_checkout
    ADD CONSTRAINT orders_checkout_pkey PRIMARY KEY (id);


--
-- Name: orders_order orders_order_payment_info_id_key; Type: CONSTRAINT; Schema: public; Owner: sarker_prod_user
--

ALTER TABLE ONLY public.orders_order
    ADD CONSTRAINT orders_order_payment_info_id_key UNIQUE (payment_info_id);


--
-- Name: orders_order orders_order_pkey; Type: CONSTRAINT; Schema: public; Owner: sarker_prod_user
--

ALTER TABLE ONLY public.orders_order
    ADD CONSTRAINT orders_order_pkey PRIMARY KEY (id);


--
-- Name: orders_orderitem orders_orderitem_pkey; Type: CONSTRAINT; Schema: public; Owner: sarker_prod_user
--

ALTER TABLE ONLY public.orders_orderitem
    ADD CONSTRAINT orders_orderitem_pkey PRIMARY KEY (id);


--
-- Name: orders_orderstatus orders_orderstatus_pkey; Type: CONSTRAINT; Schema: public; Owner: sarker_prod_user
--

ALTER TABLE ONLY public.orders_orderstatus
    ADD CONSTRAINT orders_orderstatus_pkey PRIMARY KEY (id);


--
-- Name: orders_orderstatus orders_orderstatus_status_code_key; Type: CONSTRAINT; Schema: public; Owner: sarker_prod_user
--

ALTER TABLE ONLY public.orders_orderstatus
    ADD CONSTRAINT orders_orderstatus_status_code_key UNIQUE (status_code);


--
-- Name: orders_paymentinfo orders_paymentinfo_pkey; Type: CONSTRAINT; Schema: public; Owner: sarker_prod_user
--

ALTER TABLE ONLY public.orders_paymentinfo
    ADD CONSTRAINT orders_paymentinfo_pkey PRIMARY KEY (id);


--
-- Name: products_brand products_brand_pkey; Type: CONSTRAINT; Schema: public; Owner: sarker_prod_user
--

ALTER TABLE ONLY public.products_brand
    ADD CONSTRAINT products_brand_pkey PRIMARY KEY (id);


--
-- Name: products_brand products_brand_slug_key; Type: CONSTRAINT; Schema: public; Owner: sarker_prod_user
--

ALTER TABLE ONLY public.products_brand
    ADD CONSTRAINT products_brand_slug_key UNIQUE (slug);


--
-- Name: products_category products_category_pkey; Type: CONSTRAINT; Schema: public; Owner: sarker_prod_user
--

ALTER TABLE ONLY public.products_category
    ADD CONSTRAINT products_category_pkey PRIMARY KEY (id);


--
-- Name: products_category products_category_slug_key; Type: CONSTRAINT; Schema: public; Owner: sarker_prod_user
--

ALTER TABLE ONLY public.products_category
    ADD CONSTRAINT products_category_slug_key UNIQUE (slug);


--
-- Name: products_product products_product_pkey; Type: CONSTRAINT; Schema: public; Owner: sarker_prod_user
--

ALTER TABLE ONLY public.products_product
    ADD CONSTRAINT products_product_pkey PRIMARY KEY (id);


--
-- Name: products_product products_product_product_id_key; Type: CONSTRAINT; Schema: public; Owner: sarker_prod_user
--

ALTER TABLE ONLY public.products_product
    ADD CONSTRAINT products_product_product_id_key UNIQUE (product_id);


--
-- Name: products_product_related_products products_product_related_from_product_id_to_produ_573068b7_uniq; Type: CONSTRAINT; Schema: public; Owner: sarker_prod_user
--

ALTER TABLE ONLY public.products_product_related_products
    ADD CONSTRAINT products_product_related_from_product_id_to_produ_573068b7_uniq UNIQUE (from_product_id, to_product_id);


--
-- Name: products_product_related_products products_product_related_products_pkey; Type: CONSTRAINT; Schema: public; Owner: sarker_prod_user
--

ALTER TABLE ONLY public.products_product_related_products
    ADD CONSTRAINT products_product_related_products_pkey PRIMARY KEY (id);


--
-- Name: products_product products_product_sku_key; Type: CONSTRAINT; Schema: public; Owner: sarker_prod_user
--

ALTER TABLE ONLY public.products_product
    ADD CONSTRAINT products_product_sku_key UNIQUE (sku);


--
-- Name: products_product products_product_slug_key; Type: CONSTRAINT; Schema: public; Owner: sarker_prod_user
--

ALTER TABLE ONLY public.products_product
    ADD CONSTRAINT products_product_slug_key UNIQUE (slug);


--
-- Name: products_productimage products_productimage_pkey; Type: CONSTRAINT; Schema: public; Owner: sarker_prod_user
--

ALTER TABLE ONLY public.products_productimage
    ADD CONSTRAINT products_productimage_pkey PRIMARY KEY (id);


--
-- Name: products_productspecification products_productspecification_pkey; Type: CONSTRAINT; Schema: public; Owner: sarker_prod_user
--

ALTER TABLE ONLY public.products_productspecification
    ADD CONSTRAINT products_productspecification_pkey PRIMARY KEY (id);


--
-- Name: products_productspecification products_productspecification_product_id_key_3c3677a0_uniq; Type: CONSTRAINT; Schema: public; Owner: sarker_prod_user
--

ALTER TABLE ONLY public.products_productspecification
    ADD CONSTRAINT products_productspecification_product_id_key_3c3677a0_uniq UNIQUE (product_id, key);


--
-- Name: products_productvariant products_productvariant_pkey; Type: CONSTRAINT; Schema: public; Owner: sarker_prod_user
--

ALTER TABLE ONLY public.products_productvariant
    ADD CONSTRAINT products_productvariant_pkey PRIMARY KEY (id);


--
-- Name: products_productvariant products_productvariant_sku_key; Type: CONSTRAINT; Schema: public; Owner: sarker_prod_user
--

ALTER TABLE ONLY public.products_productvariant
    ADD CONSTRAINT products_productvariant_sku_key UNIQUE (sku);


--
-- Name: reviews_question reviews_question_pkey; Type: CONSTRAINT; Schema: public; Owner: sarker_prod_user
--

ALTER TABLE ONLY public.reviews_question
    ADD CONSTRAINT reviews_question_pkey PRIMARY KEY (id);


--
-- Name: reviews_review reviews_review_pkey; Type: CONSTRAINT; Schema: public; Owner: sarker_prod_user
--

ALTER TABLE ONLY public.reviews_review
    ADD CONSTRAINT reviews_review_pkey PRIMARY KEY (id);


--
-- Name: reviews_review reviews_review_product_id_customer_id_31323e09_uniq; Type: CONSTRAINT; Schema: public; Owner: sarker_prod_user
--

ALTER TABLE ONLY public.reviews_review
    ADD CONSTRAINT reviews_review_product_id_customer_id_31323e09_uniq UNIQUE (product_id, customer_id);


--
-- Name: socialaccount_socialaccount socialaccount_socialaccount_pkey; Type: CONSTRAINT; Schema: public; Owner: sarker_prod_user
--

ALTER TABLE ONLY public.socialaccount_socialaccount
    ADD CONSTRAINT socialaccount_socialaccount_pkey PRIMARY KEY (id);


--
-- Name: socialaccount_socialaccount socialaccount_socialaccount_provider_uid_fc810c6e_uniq; Type: CONSTRAINT; Schema: public; Owner: sarker_prod_user
--

ALTER TABLE ONLY public.socialaccount_socialaccount
    ADD CONSTRAINT socialaccount_socialaccount_provider_uid_fc810c6e_uniq UNIQUE (provider, uid);


--
-- Name: socialaccount_socialapp_sites socialaccount_socialapp__socialapp_id_site_id_71a9a768_uniq; Type: CONSTRAINT; Schema: public; Owner: sarker_prod_user
--

ALTER TABLE ONLY public.socialaccount_socialapp_sites
    ADD CONSTRAINT socialaccount_socialapp__socialapp_id_site_id_71a9a768_uniq UNIQUE (socialapp_id, site_id);


--
-- Name: socialaccount_socialapp socialaccount_socialapp_pkey; Type: CONSTRAINT; Schema: public; Owner: sarker_prod_user
--

ALTER TABLE ONLY public.socialaccount_socialapp
    ADD CONSTRAINT socialaccount_socialapp_pkey PRIMARY KEY (id);


--
-- Name: socialaccount_socialapp_sites socialaccount_socialapp_sites_pkey; Type: CONSTRAINT; Schema: public; Owner: sarker_prod_user
--

ALTER TABLE ONLY public.socialaccount_socialapp_sites
    ADD CONSTRAINT socialaccount_socialapp_sites_pkey PRIMARY KEY (id);


--
-- Name: socialaccount_socialtoken socialaccount_socialtoken_app_id_account_id_fca4e0ac_uniq; Type: CONSTRAINT; Schema: public; Owner: sarker_prod_user
--

ALTER TABLE ONLY public.socialaccount_socialtoken
    ADD CONSTRAINT socialaccount_socialtoken_app_id_account_id_fca4e0ac_uniq UNIQUE (app_id, account_id);


--
-- Name: socialaccount_socialtoken socialaccount_socialtoken_pkey; Type: CONSTRAINT; Schema: public; Owner: sarker_prod_user
--

ALTER TABLE ONLY public.socialaccount_socialtoken
    ADD CONSTRAINT socialaccount_socialtoken_pkey PRIMARY KEY (id);


--
-- Name: products_productvariant unique_variant_combo; Type: CONSTRAINT; Schema: public; Owner: sarker_prod_user
--

ALTER TABLE ONLY public.products_productvariant
    ADD CONSTRAINT unique_variant_combo UNIQUE (product_id, ram, storage, color);


--
-- Name: web_contactmessage web_contactmessage_pkey; Type: CONSTRAINT; Schema: public; Owner: sarker_prod_user
--

ALTER TABLE ONLY public.web_contactmessage
    ADD CONSTRAINT web_contactmessage_pkey PRIMARY KEY (id);


--
-- Name: web_newslettersubscription web_newslettersubscription_email_key; Type: CONSTRAINT; Schema: public; Owner: sarker_prod_user
--

ALTER TABLE ONLY public.web_newslettersubscription
    ADD CONSTRAINT web_newslettersubscription_email_key UNIQUE (email);


--
-- Name: web_newslettersubscription web_newslettersubscription_pkey; Type: CONSTRAINT; Schema: public; Owner: sarker_prod_user
--

ALTER TABLE ONLY public.web_newslettersubscription
    ADD CONSTRAINT web_newslettersubscription_pkey PRIMARY KEY (id);


--
-- Name: account_emailaddress_email_03be32b2; Type: INDEX; Schema: public; Owner: sarker_prod_user
--

CREATE INDEX account_emailaddress_email_03be32b2 ON public.account_emailaddress USING btree (email);


--
-- Name: account_emailaddress_email_03be32b2_like; Type: INDEX; Schema: public; Owner: sarker_prod_user
--

CREATE INDEX account_emailaddress_email_03be32b2_like ON public.account_emailaddress USING btree (email varchar_pattern_ops);


--
-- Name: account_emailaddress_user_id_2c513194; Type: INDEX; Schema: public; Owner: sarker_prod_user
--

CREATE INDEX account_emailaddress_user_id_2c513194 ON public.account_emailaddress USING btree (user_id);


--
-- Name: account_emailconfirmation_email_address_id_5b7f8c58; Type: INDEX; Schema: public; Owner: sarker_prod_user
--

CREATE INDEX account_emailconfirmation_email_address_id_5b7f8c58 ON public.account_emailconfirmation USING btree (email_address_id);


--
-- Name: account_emailconfirmation_key_f43612bd_like; Type: INDEX; Schema: public; Owner: sarker_prod_user
--

CREATE INDEX account_emailconfirmation_key_f43612bd_like ON public.account_emailconfirmation USING btree (key varchar_pattern_ops);


--
-- Name: accounts_address_customer_id_224ca293; Type: INDEX; Schema: public; Owner: sarker_prod_user
--

CREATE INDEX accounts_address_customer_id_224ca293 ON public.accounts_address USING btree (customer_id);


--
-- Name: accounts_address_district_id_bcc65858; Type: INDEX; Schema: public; Owner: sarker_prod_user
--

CREATE INDEX accounts_address_district_id_bcc65858 ON public.accounts_address USING btree (district_id);


--
-- Name: accounts_address_division_id_3f68c7d9; Type: INDEX; Schema: public; Owner: sarker_prod_user
--

CREATE INDEX accounts_address_division_id_3f68c7d9 ON public.accounts_address USING btree (division_id);


--
-- Name: accounts_address_sub_district_id_73ef68df; Type: INDEX; Schema: public; Owner: sarker_prod_user
--

CREATE INDEX accounts_address_sub_district_id_73ef68df ON public.accounts_address USING btree (sub_district_id);


--
-- Name: accounts_customer_email_496ee6f7_like; Type: INDEX; Schema: public; Owner: sarker_prod_user
--

CREATE INDEX accounts_customer_email_496ee6f7_like ON public.accounts_customer USING btree (email varchar_pattern_ops);


--
-- Name: accounts_district_division_id_4a7e23ad; Type: INDEX; Schema: public; Owner: sarker_prod_user
--

CREATE INDEX accounts_district_division_id_4a7e23ad ON public.accounts_district USING btree (division_id);


--
-- Name: accounts_division_name_b9f3dd84_like; Type: INDEX; Schema: public; Owner: sarker_prod_user
--

CREATE INDEX accounts_division_name_b9f3dd84_like ON public.accounts_division USING btree (name varchar_pattern_ops);


--
-- Name: accounts_subdistrict_district_id_c7ebdf42; Type: INDEX; Schema: public; Owner: sarker_prod_user
--

CREATE INDEX accounts_subdistrict_district_id_c7ebdf42 ON public.accounts_subdistrict USING btree (district_id);


--
-- Name: auth_group_name_a6ea08ec_like; Type: INDEX; Schema: public; Owner: sarker_prod_user
--

CREATE INDEX auth_group_name_a6ea08ec_like ON public.auth_group USING btree (name varchar_pattern_ops);


--
-- Name: auth_group_permissions_group_id_b120cbf9; Type: INDEX; Schema: public; Owner: sarker_prod_user
--

CREATE INDEX auth_group_permissions_group_id_b120cbf9 ON public.auth_group_permissions USING btree (group_id);


--
-- Name: auth_group_permissions_permission_id_84c5c92e; Type: INDEX; Schema: public; Owner: sarker_prod_user
--

CREATE INDEX auth_group_permissions_permission_id_84c5c92e ON public.auth_group_permissions USING btree (permission_id);


--
-- Name: auth_permission_content_type_id_2f476e4b; Type: INDEX; Schema: public; Owner: sarker_prod_user
--

CREATE INDEX auth_permission_content_type_id_2f476e4b ON public.auth_permission USING btree (content_type_id);


--
-- Name: auth_user_groups_group_id_97559544; Type: INDEX; Schema: public; Owner: sarker_prod_user
--

CREATE INDEX auth_user_groups_group_id_97559544 ON public.auth_user_groups USING btree (group_id);


--
-- Name: auth_user_groups_user_id_6a12ed8b; Type: INDEX; Schema: public; Owner: sarker_prod_user
--

CREATE INDEX auth_user_groups_user_id_6a12ed8b ON public.auth_user_groups USING btree (user_id);


--
-- Name: auth_user_user_permissions_permission_id_1fbb5f2c; Type: INDEX; Schema: public; Owner: sarker_prod_user
--

CREATE INDEX auth_user_user_permissions_permission_id_1fbb5f2c ON public.auth_user_user_permissions USING btree (permission_id);


--
-- Name: auth_user_user_permissions_user_id_a95ead1b; Type: INDEX; Schema: public; Owner: sarker_prod_user
--

CREATE INDEX auth_user_user_permissions_user_id_a95ead1b ON public.auth_user_user_permissions USING btree (user_id);


--
-- Name: auth_user_username_6821ab7c_like; Type: INDEX; Schema: public; Owner: sarker_prod_user
--

CREATE INDEX auth_user_username_6821ab7c_like ON public.auth_user USING btree (username varchar_pattern_ops);


--
-- Name: authtoken_token_key_10f0b77e_like; Type: INDEX; Schema: public; Owner: sarker_prod_user
--

CREATE INDEX authtoken_token_key_10f0b77e_like ON public.authtoken_token USING btree (key varchar_pattern_ops);


--
-- Name: django_admin_log_content_type_id_c4bce8eb; Type: INDEX; Schema: public; Owner: sarker_prod_user
--

CREATE INDEX django_admin_log_content_type_id_c4bce8eb ON public.django_admin_log USING btree (content_type_id);


--
-- Name: django_admin_log_user_id_c564eba6; Type: INDEX; Schema: public; Owner: sarker_prod_user
--

CREATE INDEX django_admin_log_user_id_c564eba6 ON public.django_admin_log USING btree (user_id);


--
-- Name: django_cele_date_cr_bd6c1d_idx; Type: INDEX; Schema: public; Owner: sarker_prod_user
--

CREATE INDEX django_cele_date_cr_bd6c1d_idx ON public.django_celery_results_groupresult USING btree (date_created);


--
-- Name: django_cele_date_cr_f04a50_idx; Type: INDEX; Schema: public; Owner: sarker_prod_user
--

CREATE INDEX django_cele_date_cr_f04a50_idx ON public.django_celery_results_taskresult USING btree (date_created);


--
-- Name: django_cele_date_do_caae0e_idx; Type: INDEX; Schema: public; Owner: sarker_prod_user
--

CREATE INDEX django_cele_date_do_caae0e_idx ON public.django_celery_results_groupresult USING btree (date_done);


--
-- Name: django_cele_date_do_f59aad_idx; Type: INDEX; Schema: public; Owner: sarker_prod_user
--

CREATE INDEX django_cele_date_do_f59aad_idx ON public.django_celery_results_taskresult USING btree (date_done);


--
-- Name: django_cele_periodi_1993cf_idx; Type: INDEX; Schema: public; Owner: sarker_prod_user
--

CREATE INDEX django_cele_periodi_1993cf_idx ON public.django_celery_results_taskresult USING btree (periodic_task_name);


--
-- Name: django_cele_status_9b6201_idx; Type: INDEX; Schema: public; Owner: sarker_prod_user
--

CREATE INDEX django_cele_status_9b6201_idx ON public.django_celery_results_taskresult USING btree (status);


--
-- Name: django_cele_task_na_08aec9_idx; Type: INDEX; Schema: public; Owner: sarker_prod_user
--

CREATE INDEX django_cele_task_na_08aec9_idx ON public.django_celery_results_taskresult USING btree (task_name);


--
-- Name: django_cele_worker_d54dd8_idx; Type: INDEX; Schema: public; Owner: sarker_prod_user
--

CREATE INDEX django_cele_worker_d54dd8_idx ON public.django_celery_results_taskresult USING btree (worker);


--
-- Name: django_celery_results_chordcounter_group_id_1f70858c_like; Type: INDEX; Schema: public; Owner: sarker_prod_user
--

CREATE INDEX django_celery_results_chordcounter_group_id_1f70858c_like ON public.django_celery_results_chordcounter USING btree (group_id varchar_pattern_ops);


--
-- Name: django_celery_results_groupresult_group_id_a085f1a9_like; Type: INDEX; Schema: public; Owner: sarker_prod_user
--

CREATE INDEX django_celery_results_groupresult_group_id_a085f1a9_like ON public.django_celery_results_groupresult USING btree (group_id varchar_pattern_ops);


--
-- Name: django_celery_results_taskresult_task_id_de0d95bf_like; Type: INDEX; Schema: public; Owner: sarker_prod_user
--

CREATE INDEX django_celery_results_taskresult_task_id_de0d95bf_like ON public.django_celery_results_taskresult USING btree (task_id varchar_pattern_ops);


--
-- Name: django_session_expire_date_a5c62663; Type: INDEX; Schema: public; Owner: sarker_prod_user
--

CREATE INDEX django_session_expire_date_a5c62663 ON public.django_session USING btree (expire_date);


--
-- Name: django_session_session_key_c0390e0f_like; Type: INDEX; Schema: public; Owner: sarker_prod_user
--

CREATE INDEX django_session_session_key_c0390e0f_like ON public.django_session USING btree (session_key varchar_pattern_ops);


--
-- Name: django_site_domain_a2e37b91_like; Type: INDEX; Schema: public; Owner: sarker_prod_user
--

CREATE INDEX django_site_domain_a2e37b91_like ON public.django_site USING btree (domain varchar_pattern_ops);


--
-- Name: orders_cartitem_cart_id_529df5fa; Type: INDEX; Schema: public; Owner: sarker_prod_user
--

CREATE INDEX orders_cartitem_cart_id_529df5fa ON public.orders_cartitem USING btree (cart_id);


--
-- Name: orders_cartitem_product_id_55063ee7; Type: INDEX; Schema: public; Owner: sarker_prod_user
--

CREATE INDEX orders_cartitem_product_id_55063ee7 ON public.orders_cartitem USING btree (product_id);


--
-- Name: orders_cartitem_variant_id_a3661000; Type: INDEX; Schema: public; Owner: sarker_prod_user
--

CREATE INDEX orders_cartitem_variant_id_a3661000 ON public.orders_cartitem USING btree (variant_id);


--
-- Name: orders_checkout_billing_address_id_1b53dce0; Type: INDEX; Schema: public; Owner: sarker_prod_user
--

CREATE INDEX orders_checkout_billing_address_id_1b53dce0 ON public.orders_checkout USING btree (billing_address_id);


--
-- Name: orders_checkout_shipping_address_id_54ad8df6; Type: INDEX; Schema: public; Owner: sarker_prod_user
--

CREATE INDEX orders_checkout_shipping_address_id_54ad8df6 ON public.orders_checkout USING btree (shipping_address_id);


--
-- Name: orders_order_address_id_0daf897b; Type: INDEX; Schema: public; Owner: sarker_prod_user
--

CREATE INDEX orders_order_address_id_0daf897b ON public.orders_order USING btree (address_id);


--
-- Name: orders_order_customer_id_0b76f6a4; Type: INDEX; Schema: public; Owner: sarker_prod_user
--

CREATE INDEX orders_order_customer_id_0b76f6a4 ON public.orders_order USING btree (customer_id);


--
-- Name: orders_order_order_status_id_283a1289; Type: INDEX; Schema: public; Owner: sarker_prod_user
--

CREATE INDEX orders_order_order_status_id_283a1289 ON public.orders_order USING btree (order_status_id);


--
-- Name: orders_orderitem_order_id_fe61a34d; Type: INDEX; Schema: public; Owner: sarker_prod_user
--

CREATE INDEX orders_orderitem_order_id_fe61a34d ON public.orders_orderitem USING btree (order_id);


--
-- Name: orders_orderitem_product_id_afe4254a; Type: INDEX; Schema: public; Owner: sarker_prod_user
--

CREATE INDEX orders_orderitem_product_id_afe4254a ON public.orders_orderitem USING btree (product_id);


--
-- Name: orders_orderitem_variant_id_5d350ded; Type: INDEX; Schema: public; Owner: sarker_prod_user
--

CREATE INDEX orders_orderitem_variant_id_5d350ded ON public.orders_orderitem USING btree (variant_id);


--
-- Name: orders_orderstatus_status_code_3203dca1_like; Type: INDEX; Schema: public; Owner: sarker_prod_user
--

CREATE INDEX orders_orderstatus_status_code_3203dca1_like ON public.orders_orderstatus USING btree (status_code varchar_pattern_ops);


--
-- Name: products_brand_slug_925fd11b_like; Type: INDEX; Schema: public; Owner: sarker_prod_user
--

CREATE INDEX products_brand_slug_925fd11b_like ON public.products_brand USING btree (slug varchar_pattern_ops);


--
-- Name: products_category_parent_id_3388f6c9; Type: INDEX; Schema: public; Owner: sarker_prod_user
--

CREATE INDEX products_category_parent_id_3388f6c9 ON public.products_category USING btree (parent_id);


--
-- Name: products_category_slug_c558efae_like; Type: INDEX; Schema: public; Owner: sarker_prod_user
--

CREATE INDEX products_category_slug_c558efae_like ON public.products_category USING btree (slug varchar_pattern_ops);


--
-- Name: products_product_brand_id_3e2e8fd1; Type: INDEX; Schema: public; Owner: sarker_prod_user
--

CREATE INDEX products_product_brand_id_3e2e8fd1 ON public.products_product USING btree (brand_id);


--
-- Name: products_product_category_id_9b594869; Type: INDEX; Schema: public; Owner: sarker_prod_user
--

CREATE INDEX products_product_category_id_9b594869 ON public.products_product USING btree (category_id);


--
-- Name: products_product_product_id_3c8cacb4_like; Type: INDEX; Schema: public; Owner: sarker_prod_user
--

CREATE INDEX products_product_product_id_3c8cacb4_like ON public.products_product USING btree (product_id varchar_pattern_ops);


--
-- Name: products_product_related_products_from_product_id_8389e691; Type: INDEX; Schema: public; Owner: sarker_prod_user
--

CREATE INDEX products_product_related_products_from_product_id_8389e691 ON public.products_product_related_products USING btree (from_product_id);


--
-- Name: products_product_related_products_to_product_id_0d523260; Type: INDEX; Schema: public; Owner: sarker_prod_user
--

CREATE INDEX products_product_related_products_to_product_id_0d523260 ON public.products_product_related_products USING btree (to_product_id);


--
-- Name: products_product_sku_3c51a516_like; Type: INDEX; Schema: public; Owner: sarker_prod_user
--

CREATE INDEX products_product_sku_3c51a516_like ON public.products_product USING btree (sku varchar_pattern_ops);


--
-- Name: products_product_slug_70d3148d_like; Type: INDEX; Schema: public; Owner: sarker_prod_user
--

CREATE INDEX products_product_slug_70d3148d_like ON public.products_product USING btree (slug varchar_pattern_ops);


--
-- Name: products_productimage_product_id_e747596a; Type: INDEX; Schema: public; Owner: sarker_prod_user
--

CREATE INDEX products_productimage_product_id_e747596a ON public.products_productimage USING btree (product_id);


--
-- Name: products_productspecification_product_id_10c3ecf9; Type: INDEX; Schema: public; Owner: sarker_prod_user
--

CREATE INDEX products_productspecification_product_id_10c3ecf9 ON public.products_productspecification USING btree (product_id);


--
-- Name: products_productvariant_product_id_d9c22902; Type: INDEX; Schema: public; Owner: sarker_prod_user
--

CREATE INDEX products_productvariant_product_id_d9c22902 ON public.products_productvariant USING btree (product_id);


--
-- Name: products_productvariant_sku_1b692018_like; Type: INDEX; Schema: public; Owner: sarker_prod_user
--

CREATE INDEX products_productvariant_sku_1b692018_like ON public.products_productvariant USING btree (sku varchar_pattern_ops);


--
-- Name: reviews_question_customer_id_3c402f31; Type: INDEX; Schema: public; Owner: sarker_prod_user
--

CREATE INDEX reviews_question_customer_id_3c402f31 ON public.reviews_question USING btree (customer_id);


--
-- Name: reviews_question_product_id_ead42781; Type: INDEX; Schema: public; Owner: sarker_prod_user
--

CREATE INDEX reviews_question_product_id_ead42781 ON public.reviews_question USING btree (product_id);


--
-- Name: reviews_review_customer_id_17e79eab; Type: INDEX; Schema: public; Owner: sarker_prod_user
--

CREATE INDEX reviews_review_customer_id_17e79eab ON public.reviews_review USING btree (customer_id);


--
-- Name: reviews_review_product_id_ce2fa4c6; Type: INDEX; Schema: public; Owner: sarker_prod_user
--

CREATE INDEX reviews_review_product_id_ce2fa4c6 ON public.reviews_review USING btree (product_id);


--
-- Name: socialaccount_socialaccount_user_id_8146e70c; Type: INDEX; Schema: public; Owner: sarker_prod_user
--

CREATE INDEX socialaccount_socialaccount_user_id_8146e70c ON public.socialaccount_socialaccount USING btree (user_id);


--
-- Name: socialaccount_socialapp_sites_site_id_2579dee5; Type: INDEX; Schema: public; Owner: sarker_prod_user
--

CREATE INDEX socialaccount_socialapp_sites_site_id_2579dee5 ON public.socialaccount_socialapp_sites USING btree (site_id);


--
-- Name: socialaccount_socialapp_sites_socialapp_id_97fb6e7d; Type: INDEX; Schema: public; Owner: sarker_prod_user
--

CREATE INDEX socialaccount_socialapp_sites_socialapp_id_97fb6e7d ON public.socialaccount_socialapp_sites USING btree (socialapp_id);


--
-- Name: socialaccount_socialtoken_account_id_951f210e; Type: INDEX; Schema: public; Owner: sarker_prod_user
--

CREATE INDEX socialaccount_socialtoken_account_id_951f210e ON public.socialaccount_socialtoken USING btree (account_id);


--
-- Name: socialaccount_socialtoken_app_id_636a42d7; Type: INDEX; Schema: public; Owner: sarker_prod_user
--

CREATE INDEX socialaccount_socialtoken_app_id_636a42d7 ON public.socialaccount_socialtoken USING btree (app_id);


--
-- Name: unique_primary_email; Type: INDEX; Schema: public; Owner: sarker_prod_user
--

CREATE UNIQUE INDEX unique_primary_email ON public.account_emailaddress USING btree (user_id, "primary") WHERE "primary";


--
-- Name: unique_user_email; Type: INDEX; Schema: public; Owner: sarker_prod_user
--

CREATE UNIQUE INDEX unique_user_email ON public.auth_user USING btree (email);


--
-- Name: unique_verified_email; Type: INDEX; Schema: public; Owner: sarker_prod_user
--

CREATE UNIQUE INDEX unique_verified_email ON public.account_emailaddress USING btree (email) WHERE verified;


--
-- Name: web_newslettersubscription_email_ac6e18f1_like; Type: INDEX; Schema: public; Owner: sarker_prod_user
--

CREATE INDEX web_newslettersubscription_email_ac6e18f1_like ON public.web_newslettersubscription USING btree (email varchar_pattern_ops);


--
-- Name: account_emailaddress account_emailaddress_user_id_2c513194_fk_auth_user_id; Type: FK CONSTRAINT; Schema: public; Owner: sarker_prod_user
--

ALTER TABLE ONLY public.account_emailaddress
    ADD CONSTRAINT account_emailaddress_user_id_2c513194_fk_auth_user_id FOREIGN KEY (user_id) REFERENCES public.auth_user(id) DEFERRABLE INITIALLY DEFERRED;


--
-- Name: account_emailconfirmation account_emailconfirm_email_address_id_5b7f8c58_fk_account_e; Type: FK CONSTRAINT; Schema: public; Owner: sarker_prod_user
--

ALTER TABLE ONLY public.account_emailconfirmation
    ADD CONSTRAINT account_emailconfirm_email_address_id_5b7f8c58_fk_account_e FOREIGN KEY (email_address_id) REFERENCES public.account_emailaddress(id) DEFERRABLE INITIALLY DEFERRED;


--
-- Name: accounts_address accounts_address_customer_id_224ca293_fk_accounts_customer_id; Type: FK CONSTRAINT; Schema: public; Owner: sarker_prod_user
--

ALTER TABLE ONLY public.accounts_address
    ADD CONSTRAINT accounts_address_customer_id_224ca293_fk_accounts_customer_id FOREIGN KEY (customer_id) REFERENCES public.accounts_customer(id) DEFERRABLE INITIALLY DEFERRED;


--
-- Name: accounts_address accounts_address_district_id_bcc65858_fk_accounts_district_id; Type: FK CONSTRAINT; Schema: public; Owner: sarker_prod_user
--

ALTER TABLE ONLY public.accounts_address
    ADD CONSTRAINT accounts_address_district_id_bcc65858_fk_accounts_district_id FOREIGN KEY (district_id) REFERENCES public.accounts_district(id) DEFERRABLE INITIALLY DEFERRED;


--
-- Name: accounts_address accounts_address_division_id_3f68c7d9_fk_accounts_division_id; Type: FK CONSTRAINT; Schema: public; Owner: sarker_prod_user
--

ALTER TABLE ONLY public.accounts_address
    ADD CONSTRAINT accounts_address_division_id_3f68c7d9_fk_accounts_division_id FOREIGN KEY (division_id) REFERENCES public.accounts_division(id) DEFERRABLE INITIALLY DEFERRED;


--
-- Name: accounts_address accounts_address_sub_district_id_73ef68df_fk_accounts_; Type: FK CONSTRAINT; Schema: public; Owner: sarker_prod_user
--

ALTER TABLE ONLY public.accounts_address
    ADD CONSTRAINT accounts_address_sub_district_id_73ef68df_fk_accounts_ FOREIGN KEY (sub_district_id) REFERENCES public.accounts_subdistrict(id) DEFERRABLE INITIALLY DEFERRED;


--
-- Name: accounts_customer accounts_customer_user_id_11606857_fk_auth_user_id; Type: FK CONSTRAINT; Schema: public; Owner: sarker_prod_user
--

ALTER TABLE ONLY public.accounts_customer
    ADD CONSTRAINT accounts_customer_user_id_11606857_fk_auth_user_id FOREIGN KEY (user_id) REFERENCES public.auth_user(id) DEFERRABLE INITIALLY DEFERRED;


--
-- Name: accounts_district accounts_district_division_id_4a7e23ad_fk_accounts_division_id; Type: FK CONSTRAINT; Schema: public; Owner: sarker_prod_user
--

ALTER TABLE ONLY public.accounts_district
    ADD CONSTRAINT accounts_district_division_id_4a7e23ad_fk_accounts_division_id FOREIGN KEY (division_id) REFERENCES public.accounts_division(id) DEFERRABLE INITIALLY DEFERRED;


--
-- Name: accounts_subdistrict accounts_subdistrict_district_id_c7ebdf42_fk_accounts_; Type: FK CONSTRAINT; Schema: public; Owner: sarker_prod_user
--

ALTER TABLE ONLY public.accounts_subdistrict
    ADD CONSTRAINT accounts_subdistrict_district_id_c7ebdf42_fk_accounts_ FOREIGN KEY (district_id) REFERENCES public.accounts_district(id) DEFERRABLE INITIALLY DEFERRED;


--
-- Name: auth_group_permissions auth_group_permissio_permission_id_84c5c92e_fk_auth_perm; Type: FK CONSTRAINT; Schema: public; Owner: sarker_prod_user
--

ALTER TABLE ONLY public.auth_group_permissions
    ADD CONSTRAINT auth_group_permissio_permission_id_84c5c92e_fk_auth_perm FOREIGN KEY (permission_id) REFERENCES public.auth_permission(id) DEFERRABLE INITIALLY DEFERRED;


--
-- Name: auth_group_permissions auth_group_permissions_group_id_b120cbf9_fk_auth_group_id; Type: FK CONSTRAINT; Schema: public; Owner: sarker_prod_user
--

ALTER TABLE ONLY public.auth_group_permissions
    ADD CONSTRAINT auth_group_permissions_group_id_b120cbf9_fk_auth_group_id FOREIGN KEY (group_id) REFERENCES public.auth_group(id) DEFERRABLE INITIALLY DEFERRED;


--
-- Name: auth_permission auth_permission_content_type_id_2f476e4b_fk_django_co; Type: FK CONSTRAINT; Schema: public; Owner: sarker_prod_user
--

ALTER TABLE ONLY public.auth_permission
    ADD CONSTRAINT auth_permission_content_type_id_2f476e4b_fk_django_co FOREIGN KEY (content_type_id) REFERENCES public.django_content_type(id) DEFERRABLE INITIALLY DEFERRED;


--
-- Name: auth_user_groups auth_user_groups_group_id_97559544_fk_auth_group_id; Type: FK CONSTRAINT; Schema: public; Owner: sarker_prod_user
--

ALTER TABLE ONLY public.auth_user_groups
    ADD CONSTRAINT auth_user_groups_group_id_97559544_fk_auth_group_id FOREIGN KEY (group_id) REFERENCES public.auth_group(id) DEFERRABLE INITIALLY DEFERRED;


--
-- Name: auth_user_groups auth_user_groups_user_id_6a12ed8b_fk_auth_user_id; Type: FK CONSTRAINT; Schema: public; Owner: sarker_prod_user
--

ALTER TABLE ONLY public.auth_user_groups
    ADD CONSTRAINT auth_user_groups_user_id_6a12ed8b_fk_auth_user_id FOREIGN KEY (user_id) REFERENCES public.auth_user(id) DEFERRABLE INITIALLY DEFERRED;


--
-- Name: auth_user_user_permissions auth_user_user_permi_permission_id_1fbb5f2c_fk_auth_perm; Type: FK CONSTRAINT; Schema: public; Owner: sarker_prod_user
--

ALTER TABLE ONLY public.auth_user_user_permissions
    ADD CONSTRAINT auth_user_user_permi_permission_id_1fbb5f2c_fk_auth_perm FOREIGN KEY (permission_id) REFERENCES public.auth_permission(id) DEFERRABLE INITIALLY DEFERRED;


--
-- Name: auth_user_user_permissions auth_user_user_permissions_user_id_a95ead1b_fk_auth_user_id; Type: FK CONSTRAINT; Schema: public; Owner: sarker_prod_user
--

ALTER TABLE ONLY public.auth_user_user_permissions
    ADD CONSTRAINT auth_user_user_permissions_user_id_a95ead1b_fk_auth_user_id FOREIGN KEY (user_id) REFERENCES public.auth_user(id) DEFERRABLE INITIALLY DEFERRED;


--
-- Name: authtoken_token authtoken_token_user_id_35299eff_fk_auth_user_id; Type: FK CONSTRAINT; Schema: public; Owner: sarker_prod_user
--

ALTER TABLE ONLY public.authtoken_token
    ADD CONSTRAINT authtoken_token_user_id_35299eff_fk_auth_user_id FOREIGN KEY (user_id) REFERENCES public.auth_user(id) DEFERRABLE INITIALLY DEFERRED;


--
-- Name: django_admin_log django_admin_log_content_type_id_c4bce8eb_fk_django_co; Type: FK CONSTRAINT; Schema: public; Owner: sarker_prod_user
--

ALTER TABLE ONLY public.django_admin_log
    ADD CONSTRAINT django_admin_log_content_type_id_c4bce8eb_fk_django_co FOREIGN KEY (content_type_id) REFERENCES public.django_content_type(id) DEFERRABLE INITIALLY DEFERRED;


--
-- Name: django_admin_log django_admin_log_user_id_c564eba6_fk_auth_user_id; Type: FK CONSTRAINT; Schema: public; Owner: sarker_prod_user
--

ALTER TABLE ONLY public.django_admin_log
    ADD CONSTRAINT django_admin_log_user_id_c564eba6_fk_auth_user_id FOREIGN KEY (user_id) REFERENCES public.auth_user(id) DEFERRABLE INITIALLY DEFERRED;


--
-- Name: orders_cart orders_cart_user_id_121a069e_fk_auth_user_id; Type: FK CONSTRAINT; Schema: public; Owner: sarker_prod_user
--

ALTER TABLE ONLY public.orders_cart
    ADD CONSTRAINT orders_cart_user_id_121a069e_fk_auth_user_id FOREIGN KEY (user_id) REFERENCES public.auth_user(id) DEFERRABLE INITIALLY DEFERRED;


--
-- Name: orders_cartitem orders_cartitem_cart_id_529df5fa_fk_orders_cart_id; Type: FK CONSTRAINT; Schema: public; Owner: sarker_prod_user
--

ALTER TABLE ONLY public.orders_cartitem
    ADD CONSTRAINT orders_cartitem_cart_id_529df5fa_fk_orders_cart_id FOREIGN KEY (cart_id) REFERENCES public.orders_cart(id) DEFERRABLE INITIALLY DEFERRED;


--
-- Name: orders_cartitem orders_cartitem_product_id_55063ee7_fk_products_product_id; Type: FK CONSTRAINT; Schema: public; Owner: sarker_prod_user
--

ALTER TABLE ONLY public.orders_cartitem
    ADD CONSTRAINT orders_cartitem_product_id_55063ee7_fk_products_product_id FOREIGN KEY (product_id) REFERENCES public.products_product(id) DEFERRABLE INITIALLY DEFERRED;


--
-- Name: orders_cartitem orders_cartitem_variant_id_a3661000_fk_products_; Type: FK CONSTRAINT; Schema: public; Owner: sarker_prod_user
--

ALTER TABLE ONLY public.orders_cartitem
    ADD CONSTRAINT orders_cartitem_variant_id_a3661000_fk_products_ FOREIGN KEY (variant_id) REFERENCES public.products_productvariant(id) DEFERRABLE INITIALLY DEFERRED;


--
-- Name: orders_checkout orders_checkout_billing_address_id_1b53dce0_fk_accounts_; Type: FK CONSTRAINT; Schema: public; Owner: sarker_prod_user
--

ALTER TABLE ONLY public.orders_checkout
    ADD CONSTRAINT orders_checkout_billing_address_id_1b53dce0_fk_accounts_ FOREIGN KEY (billing_address_id) REFERENCES public.accounts_address(id) DEFERRABLE INITIALLY DEFERRED;


--
-- Name: orders_checkout orders_checkout_cart_id_c0b54243_fk_orders_cart_id; Type: FK CONSTRAINT; Schema: public; Owner: sarker_prod_user
--

ALTER TABLE ONLY public.orders_checkout
    ADD CONSTRAINT orders_checkout_cart_id_c0b54243_fk_orders_cart_id FOREIGN KEY (cart_id) REFERENCES public.orders_cart(id) DEFERRABLE INITIALLY DEFERRED;


--
-- Name: orders_checkout orders_checkout_shipping_address_id_54ad8df6_fk_accounts_; Type: FK CONSTRAINT; Schema: public; Owner: sarker_prod_user
--

ALTER TABLE ONLY public.orders_checkout
    ADD CONSTRAINT orders_checkout_shipping_address_id_54ad8df6_fk_accounts_ FOREIGN KEY (shipping_address_id) REFERENCES public.accounts_address(id) DEFERRABLE INITIALLY DEFERRED;


--
-- Name: orders_order orders_order_address_id_0daf897b_fk_accounts_address_id; Type: FK CONSTRAINT; Schema: public; Owner: sarker_prod_user
--

ALTER TABLE ONLY public.orders_order
    ADD CONSTRAINT orders_order_address_id_0daf897b_fk_accounts_address_id FOREIGN KEY (address_id) REFERENCES public.accounts_address(id) DEFERRABLE INITIALLY DEFERRED;


--
-- Name: orders_order orders_order_customer_id_0b76f6a4_fk_accounts_customer_id; Type: FK CONSTRAINT; Schema: public; Owner: sarker_prod_user
--

ALTER TABLE ONLY public.orders_order
    ADD CONSTRAINT orders_order_customer_id_0b76f6a4_fk_accounts_customer_id FOREIGN KEY (customer_id) REFERENCES public.accounts_customer(id) DEFERRABLE INITIALLY DEFERRED;


--
-- Name: orders_order orders_order_order_status_id_283a1289_fk_orders_orderstatus_id; Type: FK CONSTRAINT; Schema: public; Owner: sarker_prod_user
--

ALTER TABLE ONLY public.orders_order
    ADD CONSTRAINT orders_order_order_status_id_283a1289_fk_orders_orderstatus_id FOREIGN KEY (order_status_id) REFERENCES public.orders_orderstatus(id) DEFERRABLE INITIALLY DEFERRED;


--
-- Name: orders_order orders_order_payment_info_id_66dacc3b_fk_orders_paymentinfo_id; Type: FK CONSTRAINT; Schema: public; Owner: sarker_prod_user
--

ALTER TABLE ONLY public.orders_order
    ADD CONSTRAINT orders_order_payment_info_id_66dacc3b_fk_orders_paymentinfo_id FOREIGN KEY (payment_info_id) REFERENCES public.orders_paymentinfo(id) DEFERRABLE INITIALLY DEFERRED;


--
-- Name: orders_orderitem orders_orderitem_order_id_fe61a34d_fk_orders_order_id; Type: FK CONSTRAINT; Schema: public; Owner: sarker_prod_user
--

ALTER TABLE ONLY public.orders_orderitem
    ADD CONSTRAINT orders_orderitem_order_id_fe61a34d_fk_orders_order_id FOREIGN KEY (order_id) REFERENCES public.orders_order(id) DEFERRABLE INITIALLY DEFERRED;


--
-- Name: orders_orderitem orders_orderitem_product_id_afe4254a_fk_products_product_id; Type: FK CONSTRAINT; Schema: public; Owner: sarker_prod_user
--

ALTER TABLE ONLY public.orders_orderitem
    ADD CONSTRAINT orders_orderitem_product_id_afe4254a_fk_products_product_id FOREIGN KEY (product_id) REFERENCES public.products_product(id) DEFERRABLE INITIALLY DEFERRED;


--
-- Name: orders_orderitem orders_orderitem_variant_id_5d350ded_fk_products_; Type: FK CONSTRAINT; Schema: public; Owner: sarker_prod_user
--

ALTER TABLE ONLY public.orders_orderitem
    ADD CONSTRAINT orders_orderitem_variant_id_5d350ded_fk_products_ FOREIGN KEY (variant_id) REFERENCES public.products_productvariant(id) DEFERRABLE INITIALLY DEFERRED;


--
-- Name: products_category products_category_parent_id_3388f6c9_fk_products_category_id; Type: FK CONSTRAINT; Schema: public; Owner: sarker_prod_user
--

ALTER TABLE ONLY public.products_category
    ADD CONSTRAINT products_category_parent_id_3388f6c9_fk_products_category_id FOREIGN KEY (parent_id) REFERENCES public.products_category(id) DEFERRABLE INITIALLY DEFERRED;


--
-- Name: products_product products_product_brand_id_3e2e8fd1_fk_products_brand_id; Type: FK CONSTRAINT; Schema: public; Owner: sarker_prod_user
--

ALTER TABLE ONLY public.products_product
    ADD CONSTRAINT products_product_brand_id_3e2e8fd1_fk_products_brand_id FOREIGN KEY (brand_id) REFERENCES public.products_brand(id) DEFERRABLE INITIALLY DEFERRED;


--
-- Name: products_product products_product_category_id_9b594869_fk_products_category_id; Type: FK CONSTRAINT; Schema: public; Owner: sarker_prod_user
--

ALTER TABLE ONLY public.products_product
    ADD CONSTRAINT products_product_category_id_9b594869_fk_products_category_id FOREIGN KEY (category_id) REFERENCES public.products_category(id) DEFERRABLE INITIALLY DEFERRED;


--
-- Name: products_product_related_products products_product_rel_from_product_id_8389e691_fk_products_; Type: FK CONSTRAINT; Schema: public; Owner: sarker_prod_user
--

ALTER TABLE ONLY public.products_product_related_products
    ADD CONSTRAINT products_product_rel_from_product_id_8389e691_fk_products_ FOREIGN KEY (from_product_id) REFERENCES public.products_product(id) DEFERRABLE INITIALLY DEFERRED;


--
-- Name: products_product_related_products products_product_rel_to_product_id_0d523260_fk_products_; Type: FK CONSTRAINT; Schema: public; Owner: sarker_prod_user
--

ALTER TABLE ONLY public.products_product_related_products
    ADD CONSTRAINT products_product_rel_to_product_id_0d523260_fk_products_ FOREIGN KEY (to_product_id) REFERENCES public.products_product(id) DEFERRABLE INITIALLY DEFERRED;


--
-- Name: products_productimage products_productimag_product_id_e747596a_fk_products_; Type: FK CONSTRAINT; Schema: public; Owner: sarker_prod_user
--

ALTER TABLE ONLY public.products_productimage
    ADD CONSTRAINT products_productimag_product_id_e747596a_fk_products_ FOREIGN KEY (product_id) REFERENCES public.products_product(id) DEFERRABLE INITIALLY DEFERRED;


--
-- Name: products_productspecification products_productspec_product_id_10c3ecf9_fk_products_; Type: FK CONSTRAINT; Schema: public; Owner: sarker_prod_user
--

ALTER TABLE ONLY public.products_productspecification
    ADD CONSTRAINT products_productspec_product_id_10c3ecf9_fk_products_ FOREIGN KEY (product_id) REFERENCES public.products_product(id) DEFERRABLE INITIALLY DEFERRED;


--
-- Name: products_productvariant products_productvari_product_id_d9c22902_fk_products_; Type: FK CONSTRAINT; Schema: public; Owner: sarker_prod_user
--

ALTER TABLE ONLY public.products_productvariant
    ADD CONSTRAINT products_productvari_product_id_d9c22902_fk_products_ FOREIGN KEY (product_id) REFERENCES public.products_product(id) DEFERRABLE INITIALLY DEFERRED;


--
-- Name: reviews_question reviews_question_customer_id_3c402f31_fk_accounts_customer_id; Type: FK CONSTRAINT; Schema: public; Owner: sarker_prod_user
--

ALTER TABLE ONLY public.reviews_question
    ADD CONSTRAINT reviews_question_customer_id_3c402f31_fk_accounts_customer_id FOREIGN KEY (customer_id) REFERENCES public.accounts_customer(id) DEFERRABLE INITIALLY DEFERRED;


--
-- Name: reviews_question reviews_question_product_id_ead42781_fk_products_product_id; Type: FK CONSTRAINT; Schema: public; Owner: sarker_prod_user
--

ALTER TABLE ONLY public.reviews_question
    ADD CONSTRAINT reviews_question_product_id_ead42781_fk_products_product_id FOREIGN KEY (product_id) REFERENCES public.products_product(id) DEFERRABLE INITIALLY DEFERRED;


--
-- Name: reviews_review reviews_review_customer_id_17e79eab_fk_accounts_customer_id; Type: FK CONSTRAINT; Schema: public; Owner: sarker_prod_user
--

ALTER TABLE ONLY public.reviews_review
    ADD CONSTRAINT reviews_review_customer_id_17e79eab_fk_accounts_customer_id FOREIGN KEY (customer_id) REFERENCES public.accounts_customer(id) DEFERRABLE INITIALLY DEFERRED;


--
-- Name: reviews_review reviews_review_product_id_ce2fa4c6_fk_products_product_id; Type: FK CONSTRAINT; Schema: public; Owner: sarker_prod_user
--

ALTER TABLE ONLY public.reviews_review
    ADD CONSTRAINT reviews_review_product_id_ce2fa4c6_fk_products_product_id FOREIGN KEY (product_id) REFERENCES public.products_product(id) DEFERRABLE INITIALLY DEFERRED;


--
-- Name: socialaccount_socialtoken socialaccount_social_account_id_951f210e_fk_socialacc; Type: FK CONSTRAINT; Schema: public; Owner: sarker_prod_user
--

ALTER TABLE ONLY public.socialaccount_socialtoken
    ADD CONSTRAINT socialaccount_social_account_id_951f210e_fk_socialacc FOREIGN KEY (account_id) REFERENCES public.socialaccount_socialaccount(id) DEFERRABLE INITIALLY DEFERRED;


--
-- Name: socialaccount_socialtoken socialaccount_social_app_id_636a42d7_fk_socialacc; Type: FK CONSTRAINT; Schema: public; Owner: sarker_prod_user
--

ALTER TABLE ONLY public.socialaccount_socialtoken
    ADD CONSTRAINT socialaccount_social_app_id_636a42d7_fk_socialacc FOREIGN KEY (app_id) REFERENCES public.socialaccount_socialapp(id) DEFERRABLE INITIALLY DEFERRED;


--
-- Name: socialaccount_socialapp_sites socialaccount_social_site_id_2579dee5_fk_django_si; Type: FK CONSTRAINT; Schema: public; Owner: sarker_prod_user
--

ALTER TABLE ONLY public.socialaccount_socialapp_sites
    ADD CONSTRAINT socialaccount_social_site_id_2579dee5_fk_django_si FOREIGN KEY (site_id) REFERENCES public.django_site(id) DEFERRABLE INITIALLY DEFERRED;


--
-- Name: socialaccount_socialapp_sites socialaccount_social_socialapp_id_97fb6e7d_fk_socialacc; Type: FK CONSTRAINT; Schema: public; Owner: sarker_prod_user
--

ALTER TABLE ONLY public.socialaccount_socialapp_sites
    ADD CONSTRAINT socialaccount_social_socialapp_id_97fb6e7d_fk_socialacc FOREIGN KEY (socialapp_id) REFERENCES public.socialaccount_socialapp(id) DEFERRABLE INITIALLY DEFERRED;


--
-- Name: socialaccount_socialaccount socialaccount_socialaccount_user_id_8146e70c_fk_auth_user_id; Type: FK CONSTRAINT; Schema: public; Owner: sarker_prod_user
--

ALTER TABLE ONLY public.socialaccount_socialaccount
    ADD CONSTRAINT socialaccount_socialaccount_user_id_8146e70c_fk_auth_user_id FOREIGN KEY (user_id) REFERENCES public.auth_user(id) DEFERRABLE INITIALLY DEFERRED;


--
-- PostgreSQL database dump complete
--

\unrestrict 7qQVkGkZqZMcwToS3FSO7oeDAjB5YNhWecls2oLZMfa3btouk9kKuJEWu0QDLtK

